-- MySQL dump 10.13  Distrib 8.0.42, for Linux (x86_64)
--
-- Host: localhost    Database: erp
-- ------------------------------------------------------
-- Server version	8.0.42-0ubuntu0.24.04.1

/*!40101 SET @OLD_CHARACTER_SET_CLIENT=@@CHARACTER_SET_CLIENT */;
/*!40101 SET @OLD_CHARACTER_SET_RESULTS=@@CHARACTER_SET_RESULTS */;
/*!40101 SET @OLD_COLLATION_CONNECTION=@@COLLATION_CONNECTION */;
/*!50503 SET NAMES utf8mb4 */;
/*!40103 SET @OLD_TIME_ZONE=@@TIME_ZONE */;
/*!40103 SET TIME_ZONE='+00:00' */;
/*!40014 SET @OLD_UNIQUE_CHECKS=@@UNIQUE_CHECKS, UNIQUE_CHECKS=0 */;
/*!40014 SET @OLD_FOREIGN_KEY_CHECKS=@@FOREIGN_KEY_CHECKS, FOREIGN_KEY_CHECKS=0 */;
/*!40101 SET @OLD_SQL_MODE=@@SQL_MODE, SQL_MODE='NO_AUTO_VALUE_ON_ZERO' */;
/*!40111 SET @OLD_SQL_NOTES=@@SQL_NOTES, SQL_NOTES=0 */;

--
-- Table structure for table `accounts`
--

DROP TABLE IF EXISTS `accounts`;
/*!40101 SET @saved_cs_client     = @@character_set_client */;
/*!50503 SET character_set_client = utf8mb4 */;
CREATE TABLE `accounts` (
  `id` varchar(36) NOT NULL,
  `username` varchar(50) NOT NULL,
  `password` varchar(255) NOT NULL,
  `email` varchar(100) NOT NULL,
  `role` varchar(20) NOT NULL DEFAULT 'user',
  `img_url` varchar(100) NOT NULL DEFAULT 'https://utfs.io/f/bca7e335-8a46-4ffa-9186-81d51e65c875-kmjf4x.jpg',
  `created_at` timestamp NULL DEFAULT CURRENT_TIMESTAMP,
  `is_active` tinyint(1) DEFAULT '0',
  `refresh_token` text,
  PRIMARY KEY (`id`),
  UNIQUE KEY `username` (`username`),
  UNIQUE KEY `email` (`email`)
) ENGINE=InnoDB DEFAULT CHARSET=utf8mb3;
/*!40101 SET character_set_client = @saved_cs_client */;

--
-- Dumping data for table `accounts`
--

LOCK TABLES `accounts` WRITE;
/*!40000 ALTER TABLE `accounts` DISABLE KEYS */;
INSERT INTO `accounts` VALUES ('2da73c4d-05ab-4bac-8ef0-a70a71a0683b','Ewa Strauss','$2b$10$nEyp/J9r7m6TiDgNHZ3clez4Lu9giehVd/o4RzunhVG2RU6BeSD92','iwia@gmail.cz','sales','https://utfs.io/f/299772c7-c3a5-4c5f-942d-ee2d9325d60d-8mqyui.jpg','2024-03-10 15:00:17',1,'eyJhbGciOiJIUzI1NiIsInR5cCI6IkpXVCJ9.eyJ1c2VyIjoiRXdhIFN0cmF1c3MiLCJyb2xlIjoic2FsZXMiLCJpYXQiOjE3NDgxODczODAsImV4cCI6MTc0ODc5MjE4MH0.Ok-DYlR2u7cRMmax8QBd-W5uU47iKM6vPTc2oZgdrbs'),('47d8aef6-59e3-405f-bace-4a4fab13ac21','Ilona Iksonska','$2b$10$K5INd3xJOorQDF5K0h78ZuPbmjiNqDpFVkiNiXjeUq1GwgDkRf4gy','ilona@gmail.com','warehouse','https://utfs.io/f/5243fb95-def2-418f-ab46-2f1cdea82d1c-1usf4.png','2024-03-10 09:12:30',1,'eyJhbGciOiJIUzI1NiIsInR5cCI6IkpXVCJ9.eyJ1c2VyIjoiSWxvbmEgSWtzb25za2EiLCJyb2xlIjoic2FsZXMiLCJpYXQiOjE3MjI2MTQ5NjgsImV4cCI6MTcyMzIxOTc2OH0.0x1Yz2ZIqFH2UgwmlqpN_WMUA1Wb-qSUD-syGekoCKY'),('4c992940-0024-11ef-a2c1-1002b54ccc69','root','$2b$10$8Lbg6tvI4e/mOyku3uvNNONfatfeTGHI/D531boVUqWIe3kTOKK/K','root@gmail.com','admin','https://utfs.io/f/0576a965-e83c-47aa-b5b1-31aeac3c55c0-kmjf4x.jpg','2024-04-21 21:15:37',1,'eyJhbGciOiJIUzI1NiIsInR5cCI6IkpXVCJ9.eyJ1c2VyIjoicm9vdCIsInJvbGUiOiJhZG1pbiIsImlhdCI6MTc0ODA5NTgyMCwiZXhwIjoxNzQ4NzAwNjIwfQ.3vvCWiac9UaQs49IzeZNquk_RhAtRCpASV_8O8WOgAI'),('517c6404-8929-45d9-9091-a149c469a9ce','Crystal Greenvelle','$2b$10$UgwccTtkF1W/YZsQnH7cm.pQCl/by7LzUY1S4AJ9MXfMLhWftGmaK','greenvelle@gmail.com','analize','https://utfs.io/f/010358db-fcca-4763-b4b8-9da9dafe304f-mg83kt.jpg','2024-03-21 15:20:46',1,'eyJhbGciOiJIUzI1NiIsInR5cCI6IkpXVCJ9.eyJ1c2VyIjoiMTIzNDU2Iiwicm9sZSI6InVzZXIiLCJpYXQiOjE3MTEwNDE2NjEsImV4cCI6MTcxMTY0NjQ2MX0.DE0U4PpbPBwNYnxexgHWnQ15XHe1IMqTibSNzaMHEnk'),('99e3148d-5210-4bfd-a927-a82b63c0f077','Eva Elfie','$2b$10$1HvVcuomR4GthWo8lMlq0uV3JH3f3xQL.pXeQ1D.CXQR64k0ib2gi','elfie@gmail.com','warehouse','https://utfs.io/f/fc146d04-35bd-4a55-bfce-5af7ddcd3e48-5iq9xo.jpg','2024-03-21 15:12:17',1,'eyJhbGciOiJIUzI1NiIsInR5cCI6IkpXVCJ9.eyJ1c2VyIjoiMTIzNDU2Iiwicm9sZSI6InVzZXIiLCJpYXQiOjE3MTEwNDExNTQsImV4cCI6MTcxMTY0NTk1NH0.aTia8mH2I4TWm5taa1AeDW05ouO72Red7CWdOUaZXZA'),('9d7b339d-97e0-4272-bfad-6e8fb356755a','Fibi Euro','$2b$10$YFCiLhamprVJN3W5GE7zIO6i9kY0Jk604w87bMUbeecm1y90BYRHy','fibi@gmail.com','warehouse','https://utfs.io/f/cf6792ee-cf81-4c38-9f8b-ccfda5906c0b-pczre8.jpg','2024-03-10 15:02:30',1,'eyJhbGciOiJIUzI1NiIsInR5cCI6IkpXVCJ9.eyJ1c2VyIjoiRmliaSBFdXJvIiwicm9sZSI6IndhcmVob3VzZSIsImlhdCI6MTcyMjQ1NDYwMSwiZXhwIjoxNzIzMDU5NDAxfQ.yBaOMJY1u8b8sHKq88z11aWYOk08-IILFYqSiuzc0Vg'),('c17ff8ca-168d-4d29-8699-fd102a77c1f2','Barbie','$2b$10$XrGnWAMsM1/1l4ofITM15ukWbUkGAxp6GhijRoCcdgzPVQE/FsrY2','super_barie@gmail.com','analize','https://utfs.io/f/85740529-a2bf-4e5d-8330-f573592a937f-oz1gxo.jpg','2024-03-21 15:19:52',1,'eyJhbGciOiJIUzI1NiIsInR5cCI6IkpXVCJ9.eyJ1c2VyIjoiQmFyYmllIiwicm9sZSI6ImFuYWxpemUiLCJpYXQiOjE3NDgxNTU4MjUsImV4cCI6MTc0ODc2MDYyNX0.3G2u-8EnbyyNoN2DYCEXFtMtBbMB-TCzC1Q3d4t-m3M'),('c933ba30-55dd-4568-ada5-0fec21a66a70','Pamela','$2b$10$S7xZbHYYuLEsOo/K8JpC2Oz1BjqsObZP2FRUiIz7e.NKWYpRKQ5Si','morrison@gmail.com','accounting','https://utfs.io/f/d7476f93-d8d9-46ec-a8de-a0320dc801b8-94mkp9.jpg','2024-03-21 15:03:20',1,'eyJhbGciOiJIUzI1NiIsInR5cCI6IkpXVCJ9.eyJ1c2VyIjoiUGFtZWxhIiwicm9sZSI6ImFjY291bnRpbmciLCJpYXQiOjE3NDgwOTU4NDgsImV4cCI6MTc0ODcwMDY0OH0.ACdJrg97EQVIuAoOqe4uWTdIeWYqtZgSVggyCAtLIKE'),('d887b83f-3899-11f0-af9b-a864f16c5ca0','Kamila Kowalska','$2b$10$8Lbg6tvI4e/mOyku3uvNNONfatfeTGHI/D531boVUqWIe3kTOKK/K','kamila.kowalska@example.com','sales','https://utfs.io/f/bca7e335-8a46-4ffa-9186-81d51e65c875-kmjf4x.jpg','2025-05-24 12:23:06',1,NULL),('d887bed3-3899-11f0-af9b-a864f16c5ca0','Jan Nowak','$2b$10$8Lbg6tvI4e/mOyku3uvNNONfatfeTGHI/D531boVUqWIe3kTOKK/K','jan.nowak@example.com','admin','https://utfs.io/f/bca7e335-8a46-4ffa-9186-81d51e65c875-kmjf4x.jpg','2025-05-24 12:23:06',1,NULL),('d887c047-3899-11f0-af9b-a864f16c5ca0','Anna Wiśniewska','$2b$10$8Lbg6tvI4e/mOyku3uvNNONfatfeTGHI/D531boVUqWIe3kTOKK/K','anna.wisniewska@example.com','admin','https://utfs.io/f/bca7e335-8a46-4ffa-9186-81d51e65c875-kmjf4x.jpg','2025-05-24 12:23:06',1,NULL),('d887c1b7-3899-11f0-af9b-a864f16c5ca0','Piotr Kaczmarek','$2b$10$8Lbg6tvI4e/mOyku3uvNNONfatfeTGHI/D531boVUqWIe3kTOKK/K','piotr.kaczmarek@example.com','sales','https://utfs.io/f/bca7e335-8a46-4ffa-9186-81d51e65c875-kmjf4x.jpg','2025-05-24 12:23:06',1,NULL),('d887c2ca-3899-11f0-af9b-a864f16c5ca0','Agnieszka Mazur','$2b$10$8Lbg6tvI4e/mOyku3uvNNONfatfeTGHI/D531boVUqWIe3kTOKK/K','agnieszka.mazur@example.com','hr','https://utfs.io/f/bca7e335-8a46-4ffa-9186-81d51e65c875-kmjf4x.jpg','2025-05-24 12:23:06',1,NULL),('d887c3da-3899-11f0-af9b-a864f16c5ca0','Marcin Zieliński','$2b$10$8Lbg6tvI4e/mOyku3uvNNONfatfeTGHI/D531boVUqWIe3kTOKK/K','marcin.zielinski@example.com','analize','https://utfs.io/f/bca7e335-8a46-4ffa-9186-81d51e65c875-kmjf4x.jpg','2025-05-24 12:23:06',1,NULL),('d887c673-3899-11f0-af9b-a864f16c5ca0','Katarzyna Lewandowska','$2b$10$8Lbg6tvI4e/mOyku3uvNNONfatfeTGHI/D531boVUqWIe3kTOKK/K','katarzyna.lewandowska@example.com','sales','https://utfs.io/f/bca7e335-8a46-4ffa-9186-81d51e65c875-kmjf4x.jpg','2025-05-24 12:23:06',1,NULL),('d887c793-3899-11f0-af9b-a864f16c5ca0','Tomasz Wójcik','$2b$10$8Lbg6tvI4e/mOyku3uvNNONfatfeTGHI/D531boVUqWIe3kTOKK/K','tomasz.wojcik@example.com','analize','https://utfs.io/f/bca7e335-8a46-4ffa-9186-81d51e65c875-kmjf4x.jpg','2025-05-24 12:23:06',1,NULL),('d887c8a8-3899-11f0-af9b-a864f16c5ca0','Justyna Dudek','$2b$10$8Lbg6tvI4e/mOyku3uvNNONfatfeTGHI/D531boVUqWIe3kTOKK/K','justyna.dudek@example.com','warehouse','https://utfs.io/f/bca7e335-8a46-4ffa-9186-81d51e65c875-kmjf4x.jpg','2025-05-24 12:23:06',1,NULL),('d887c9c8-3899-11f0-af9b-a864f16c5ca0','Adrian Kubiak','$2b$10$8Lbg6tvI4e/mOyku3uvNNONfatfeTGHI/D531boVUqWIe3kTOKK/K','adrian.kubiak@example.com','warehouse','https://utfs.io/f/bca7e335-8a46-4ffa-9186-81d51e65c875-kmjf4x.jpg','2025-05-24 12:23:06',1,NULL),('dc180ca0-5477-45d5-8b74-af3660a3139a','Princess Alice','$2b$10$ue.X5Q7Mz8Ix2pGe.SXsAOg/RcH2AHSwU92fHuMZf1c2ErP0WQt52','smal@gmail.com','accounting','https://utfs.io/f/58e7bb54-8869-452c-b976-9a47ad1e339d-619l6d.png','2024-03-10 14:51:58',1,'eyJhbGciOiJIUzI1NiIsInR5cCI6IkpXVCJ9.eyJ1c2VyIjoiQW5ldGthIEN6ZXJuaWtvd3NrYSIsInJvbGUiOiJhY2NvdW50aW5nIiwiaWF0IjoxNzEzOTY1NjI0LCJleHAiOjE3MTQ1NzA0MjR9.UtzcNyKJm_ZamfZiwy3s9afw80CMFVR9QzTanhN_TFg'),('f72ed688-be28-4a27-a272-3416ff66b055','Monika Jarzabska','$2b$10$BUmEVfdFRXQQkpKBBBVsPuCWY1fmLw94wqj0ra3fgtYZZTf80rjry','monia@gmail.com','hr','https://utfs.io/f/e875cf1c-98a6-4678-a8c7-39e4d6b83312-ibcluw.jpeg','2024-03-10 14:56:55',1,'eyJhbGciOiJIUzI1NiIsInR5cCI6IkpXVCJ9.eyJ1c2VyIjoiMTIzNDU2Iiwicm9sZSI6InVzZXIiLCJpYXQiOjE3MTAwODk4MzEsImV4cCI6MTcxMDY5NDYzMX0.90oxXWeq2JIYvowLJovK9FeYqP80dvPTGpkxNi3fNtA'),('fa97c775-1613-4035-b93b-2fb852e37ec0','Alexis','$2b$10$blQ3lRflm9ZnV5m.eUN96urTQvxnQedaapzDj3moi5YuNKoTA21c2','brill-alexis@gmail.com','hr','https://utfs.io/f/0bdc1601-50e6-4862-8c05-bfb2e2a45f6f-hfzk01.jpg','2024-03-21 15:14:55',1,'eyJhbGciOiJIUzI1NiIsInR5cCI6IkpXVCJ9.eyJ1c2VyIjoiMTIzNDU2Iiwicm9sZSI6InVzZXIiLCJpYXQiOjE3MTEwNDE1NTcsImV4cCI6MTcxMTY0NjM1N30.3A6ITkXjsyL0UUHDjjaLIm0IUeogEdqDhFovzcdvFwE');
/*!40000 ALTER TABLE `accounts` ENABLE KEYS */;
UNLOCK TABLES;

--
-- Table structure for table `client_addresses`
--

DROP TABLE IF EXISTS `client_addresses`;
/*!40101 SET @saved_cs_client     = @@character_set_client */;
/*!50503 SET character_set_client = utf8mb4 */;
CREATE TABLE `client_addresses` (
  `id` varchar(36) NOT NULL,
  `client_id` varchar(36) NOT NULL,
  `miasto` varchar(100) NOT NULL,
  `ulica` varchar(100) NOT NULL,
  `nr_budynku` varchar(20) NOT NULL,
  `nr_mieszkania` varchar(20) DEFAULT NULL,
  `kod` varchar(20) NOT NULL,
  `nazwa_firmy` varchar(100) DEFAULT NULL,
  `created_at` timestamp NULL DEFAULT CURRENT_TIMESTAMP,
  PRIMARY KEY (`id`),
  KEY `client_id` (`client_id`),
  CONSTRAINT `client_addresses_ibfk_1` FOREIGN KEY (`client_id`) REFERENCES `clients` (`id`)
) ENGINE=InnoDB DEFAULT CHARSET=utf8mb3;
/*!40101 SET character_set_client = @saved_cs_client */;

--
-- Dumping data for table `client_addresses`
--

LOCK TABLES `client_addresses` WRITE;
/*!40000 ALTER TABLE `client_addresses` DISABLE KEYS */;
INSERT INTO `client_addresses` VALUES ('1a100000-0000-0000-0000-000000000001','6d32d2ff-50ea-11ef-97bd-1002b54ccc69','Warszawa','Grzybowska','10','4','00-131','Doe Paper Supplies','2025-05-24 13:59:47'),('1a100000-0000-0000-0000-000000000002','6d32d685-50ea-11ef-97bd-1002b54ccc69','Kraków','Dietla','25A','12','31-070','Smith Office Goods','2025-05-24 13:59:47'),('1a100000-0000-0000-0000-000000000003','6d32d7e7-50ea-11ef-97bd-1002b54ccc69','Wrocław','Legnicka','58','7','53-673','Johnson Stationery','2025-05-24 13:59:47'),('1a100000-0000-0000-0000-000000000004','6d32d954-50ea-11ef-97bd-1002b54ccc69','Gdańsk','Długa','15',NULL,'80-827','Davis Printworks','2025-05-24 13:59:47'),('1a100000-0000-0000-0000-000000000005','6d32da49-50ea-11ef-97bd-1002b54ccc69','Łódź','Piotrkowska','120','10','90-006','Brown & Co. Logistics','2025-05-24 13:59:47'),('1a100000-0000-0000-0000-000000000006','6d32db40-50ea-11ef-97bd-1002b54ccc69','Szczecin','Jagiellońska','44',NULL,'70-382','Wilson Trade Group','2025-05-24 13:59:47'),('1a100000-0000-0000-0000-000000000007','6d32dc90-50ea-11ef-97bd-1002b54ccc69','Bydgoszcz','Gdańska','89','3','85-005','Taylor Business Partners','2025-05-24 13:59:47'),('1a100000-0000-0000-0000-000000000008','6d32ddcb-50ea-11ef-97bd-1002b54ccc69','Lublin','Narutowicza','21','1','20-004','Anderson Global','2025-05-24 13:59:47'),('1a100000-0000-0000-0000-000000000009','6d32df12-50ea-11ef-97bd-1002b54ccc69','Białystok','Sienkiewicza','33',NULL,'15-002','Thomas Distribution','2025-05-24 13:59:47'),('1a100000-0000-0000-0000-000000000010','6d32e057-50ea-11ef-97bd-1002b54ccc69','Katowice','Mariacka','7','6','40-014','Moore Paper & Print','2025-05-24 13:59:47'),('1a100000-0000-0000-0000-000000000011','6d32e1a0-50ea-11ef-97bd-1002b54ccc69','Rzeszów','Hetmańska','11','2','35-045','Martin Office Solutions','2025-05-24 13:59:47'),('1a100000-0000-0000-0000-000000000012','6d32e2e9-50ea-11ef-97bd-1002b54ccc69','Opole','Ozimska','30','5','45-057','Jackson Supply Chain','2025-05-24 13:59:47'),('1a100000-0000-0000-0000-000000000013','6d32e42c-50ea-11ef-97bd-1002b54ccc69','Toruń','Chełmińska','13',NULL,'87-100','White Enterprise Group','2025-05-24 13:59:47'),('1a100000-0000-0000-0000-000000000014','6d32e56f-50ea-11ef-97bd-1002b54ccc69','Zielona Góra','Kupiecka','9','1','65-001','Harris Paperworks','2025-05-24 13:59:47'),('1a100000-0000-0000-0000-000000000016','6d32e7f5-50ea-11ef-97bd-1002b54ccc69','Radom','Żeromskiego','18','7','26-600','Lewis Industrial Supplies','2025-05-24 13:59:47'),('1a100000-0000-0000-0000-000000000017','6d32e938-50ea-11ef-97bd-1002b54ccc69','Kielce','Sienkiewicza','20',NULL,'25-002','Lee Office Systems','2025-05-24 13:59:47'),('1a100000-0000-0000-0000-000000000018','6d32ea7b-50ea-11ef-97bd-1002b54ccc69','Koszalin','Zwycięstwa','40','8','75-001','Walker Logistics Group','2025-05-24 13:59:47'),('1a100000-0000-0000-0000-000000000019','6d32ebbe-50ea-11ef-97bd-1002b54ccc69','Olsztyn','Dworcowa','8','4','10-001','Hall Trading Ltd.','2025-05-24 13:59:47'),('1a100000-0000-0000-0000-000000000020','6d32ed01-50ea-11ef-97bd-1002b54ccc69','Legnica','Złotoryjska','5',NULL,'59-220','Young Paper Exports','2025-05-24 13:59:47'),('89207afd-120f-4907-bcaa-b0c3d797d5a2','6d32e6b2-50ea-11ef-97bd-1002b54ccc69','Poznań','Starolecka','23','2','63-111','Clark Imports','2025-05-24 13:57:57');
/*!40000 ALTER TABLE `client_addresses` ENABLE KEYS */;
UNLOCK TABLES;

--
-- Table structure for table `clients`
--

DROP TABLE IF EXISTS `clients`;
/*!40101 SET @saved_cs_client     = @@character_set_client */;
/*!50503 SET character_set_client = utf8mb4 */;
CREATE TABLE `clients` (
  `id` varchar(36) NOT NULL,
  `first_name` varchar(50) NOT NULL,
  `second_name` varchar(255) NOT NULL,
  `email` varchar(100) NOT NULL,
  `created_at` timestamp NULL DEFAULT CURRENT_TIMESTAMP,
  `company_name` varchar(100) NOT NULL DEFAULT '',
  PRIMARY KEY (`id`),
  UNIQUE KEY `email` (`email`)
) ENGINE=InnoDB DEFAULT CHARSET=utf8mb3;
/*!40101 SET character_set_client = @saved_cs_client */;

--
-- Dumping data for table `clients`
--

LOCK TABLES `clients` WRITE;
/*!40000 ALTER TABLE `clients` DISABLE KEYS */;
INSERT INTO `clients` VALUES ('6d32d2ff-50ea-11ef-97bd-1002b54ccc69','John','Doe','john.doe@example.com','2024-08-02 16:15:25','Doe Paper Supplies'),('6d32d685-50ea-11ef-97bd-1002b54ccc69','Jane','Smith','jane.smith@example.com','2024-08-02 16:15:25','Smith Office Goods'),('6d32d7e7-50ea-11ef-97bd-1002b54ccc69','Michael','Johnson','michael.johnson@example.com','2024-08-02 16:15:25','Johnson Stationery'),('6d32d954-50ea-11ef-97bd-1002b54ccc69','Emily','Davis','emily.davis@example.com','2024-08-02 16:15:25','Davis Printworks'),('6d32da49-50ea-11ef-97bd-1002b54ccc69','William','Brown','william.brown@example.com','2024-08-02 16:15:25','Brown & Co. Logistics'),('6d32db40-50ea-11ef-97bd-1002b54ccc69','Olivia','Wilson','olivia.wilson@example.com','2024-08-02 16:15:25','Wilson Trade Group'),('6d32dc90-50ea-11ef-97bd-1002b54ccc69','James','Taylor','james.taylor@example.com','2024-08-02 16:15:25','Taylor Business Partners'),('6d32ddcb-50ea-11ef-97bd-1002b54ccc69','Sophia','Anderson','sophia.anderson@example.com','2024-08-02 16:15:25','Anderson Global'),('6d32df12-50ea-11ef-97bd-1002b54ccc69','Benjamin','Thomas','benjamin.thomas@example.com','2024-08-02 16:15:25','Thomas Distribution'),('6d32e057-50ea-11ef-97bd-1002b54ccc69','Isabella','Moore','isabella.moore@example.com','2024-08-02 16:15:25','Moore Paper & Print'),('6d32e1a0-50ea-11ef-97bd-1002b54ccc69','Lucas','Martin','lucas.martin@example.com','2024-08-02 16:15:25','Martin Office Solutions'),('6d32e2e9-50ea-11ef-97bd-1002b54ccc69','Mia','Jackson','mia.jackson@example.com','2024-08-02 16:15:25','Jackson Supply Chain'),('6d32e42c-50ea-11ef-97bd-1002b54ccc69','Henry','White','henry.white@example.com','2024-08-02 16:15:25','White Enterprise Group'),('6d32e56f-50ea-11ef-97bd-1002b54ccc69','Charlotte','Harris','charlotte.harris@example.com','2024-08-02 16:15:25','Harris Paperworks'),('6d32e6b2-50ea-11ef-97bd-1002b54ccc69','Alexander','Clark','alexander.clark@example.com','2024-08-02 16:15:25','Clark Imports'),('6d32e7f5-50ea-11ef-97bd-1002b54ccc69','Amelia','Lewis','amelia.lewis@example.com','2024-08-02 16:15:25','Lewis Industrial Supplies'),('6d32e938-50ea-11ef-97bd-1002b54ccc69','Daniel','Lee','daniel.lee@example.com','2024-08-02 16:15:25','Lee Office Systems'),('6d32ea7b-50ea-11ef-97bd-1002b54ccc69','Grace','Walker','grace.walker@example.com','2024-08-02 16:15:25','Walker Logistics Group'),('6d32ebbe-50ea-11ef-97bd-1002b54ccc69','Matthew','Hall','matthew.hall@example.com','2024-08-02 16:15:25','Hall Trading Ltd.'),('6d32ed01-50ea-11ef-97bd-1002b54ccc69','Chloe','Young','chloe.young@example.com','2024-08-02 16:15:25','Young Paper Exports');
/*!40000 ALTER TABLE `clients` ENABLE KEYS */;
UNLOCK TABLES;

--
-- Table structure for table `employees`
--

DROP TABLE IF EXISTS `employees`;
/*!40101 SET @saved_cs_client     = @@character_set_client */;
/*!50503 SET character_set_client = utf8mb4 */;
CREATE TABLE `employees` (
  `id` varchar(36) NOT NULL,
  `first_name` varchar(50) DEFAULT NULL,
  `last_name` varchar(255) DEFAULT NULL,
  `email` varchar(100) DEFAULT NULL,
  `phone_number` varchar(20) DEFAULT NULL,
  `department` varchar(100) DEFAULT NULL,
  `position` varchar(100) DEFAULT NULL,
  `hire_date` timestamp NULL DEFAULT CURRENT_TIMESTAMP,
  `account_id` varchar(36) DEFAULT NULL,
  PRIMARY KEY (`id`),
  UNIQUE KEY `email` (`email`),
  KEY `account_id` (`account_id`),
  CONSTRAINT `employees_ibfk_1` FOREIGN KEY (`account_id`) REFERENCES `accounts` (`id`) ON DELETE SET NULL
) ENGINE=InnoDB DEFAULT CHARSET=utf8mb3;
/*!40101 SET character_set_client = @saved_cs_client */;

--
-- Dumping data for table `employees`
--

LOCK TABLES `employees` WRITE;
/*!40000 ALTER TABLE `employees` DISABLE KEYS */;
INSERT INTO `employees` VALUES ('8c26df30-38aa-11f0-af9b-a864f16c5ca0','root','N/A','root@gmail.com','600--79-973','Admin','System Administrator','2025-05-24 14:22:39','4c992940-0024-11ef-a2c1-1002b54ccc69'),('8c26e737-38aa-11f0-af9b-a864f16c5ca0','Jan','Nowak','jan.nowak@example.com','600--81-369','Admin','System Administrator','2025-05-24 14:22:39','d887bed3-3899-11f0-af9b-a864f16c5ca0'),('8c26e838-38aa-11f0-af9b-a864f16c5ca0','Anna','Wiśniewska','anna.wisniewska@example.com','600--55-219','Admin','System Administrator','2025-05-24 14:22:39','d887c047-3899-11f0-af9b-a864f16c5ca0'),('8c26e97a-38aa-11f0-af9b-a864f16c5ca0','Piotr','Kaczmarek','piotr.kaczmarek@example.com','600--72-270','Sales','Sales Representative','2025-05-24 14:22:39','d887c1b7-3899-11f0-af9b-a864f16c5ca0'),('8c26ea1f-38aa-11f0-af9b-a864f16c5ca0','Agnieszka','Mazur','agnieszka.mazur@example.com','600-780-548','Hr','HR Specialist','2025-05-24 14:22:39','d887c2ca-3899-11f0-af9b-a864f16c5ca0'),('8c26eabf-38aa-11f0-af9b-a864f16c5ca0','Marcin','Zieliński','marcin.zielinski@example.com','600-840-434','Analize','Business Analyst','2025-05-24 14:22:39','d887c3da-3899-11f0-af9b-a864f16c5ca0'),('8c26ee7d-38aa-11f0-af9b-a864f16c5ca0','Katarzyna','Lewandowska','katarzyna.lewandowska@example.com','600-637-372','Sales','Sales Representative','2025-05-24 14:22:39','d887c673-3899-11f0-af9b-a864f16c5ca0'),('8c26f143-38aa-11f0-af9b-a864f16c5ca0','Tomasz','Wójcik','tomasz.wojcik@example.com','600-461-417','Analize','Business Analyst','2025-05-24 14:22:39','d887c793-3899-11f0-af9b-a864f16c5ca0'),('8c26f1e5-38aa-11f0-af9b-a864f16c5ca0','Justyna','Dudek','justyna.dudek@example.com','600-176-669','Warehouse','Warehouse Worker','2025-05-24 14:22:39','d887c8a8-3899-11f0-af9b-a864f16c5ca0'),('8c26f290-38aa-11f0-af9b-a864f16c5ca0','Adrian','Kubiak','adrian.kubiak@example.com','600--16-450','Warehouse','Warehouse Worker','2025-05-24 14:22:39','d887c9c8-3899-11f0-af9b-a864f16c5ca0'),('8c26f331-38aa-11f0-af9b-a864f16c5ca0','Princess','Alice','smal@gmail.com','600-874-197','Accounting','Accountant','2025-05-24 14:22:39','dc180ca0-5477-45d5-8b74-af3660a3139a'),('8c26f3d6-38aa-11f0-af9b-a864f16c5ca0','Monika','Jarzabska','monia@gmail.com','600--10-898','Hr','HR Specialist','2025-05-24 14:22:39','f72ed688-be28-4a27-a272-3416ff66b055'),('8c26f472-38aa-11f0-af9b-a864f16c5ca0','Alexis','N/A','brill-alexis@gmail.com','600--71-015','Hr','HR Specialist','2025-05-24 14:22:39','fa97c775-1613-4035-b93b-2fb852e37ec0'),('dc2ff293-38a9-11f0-af9b-a864f16c5ca0','Ewa','Strauss','iwia@gmail.cz','500-100-100','Sales','Sales Manager','2025-05-24 14:17:44','2da73c4d-05ab-4bac-8ef0-a70a71a0683b'),('dc2ff8b1-38a9-11f0-af9b-a864f16c5ca0','Ilona','Iksonska','ilona@gmail.com','500-200-200','Warehouse','Warehouse Supervisor','2025-05-24 14:17:44','47d8aef6-59e3-405f-bace-4a4fab13ac21'),('dc2ff9cc-38a9-11f0-af9b-a864f16c5ca0','Crystal','Greenvelle','greenvelle@gmail.com','500-300-300','Analytics','Data Analyst','2025-05-24 14:17:44','517c6404-8929-45d9-9091-a149c469a9ce'),('dc2ffa73-38a9-11f0-af9b-a864f16c5ca0','Eva','Elfie','elfie@gmail.com','500-400-400','Warehouse','Stock Keeper','2025-05-24 14:17:44','99e3148d-5210-4bfd-a927-a82b63c0f077'),('dc2ffb00-38a9-11f0-af9b-a864f16c5ca0','Fibi','Euro','fibi@gmail.com','500-500-500','Warehouse','Inventory Manager','2025-05-24 14:17:44','9d7b339d-97e0-4272-bfad-6e8fb356755a'),('dc2ffd81-38a9-11f0-af9b-a864f16c5ca0','Barbie','N/A','super_barie@gmail.com','500-600-600','Analytics','Junior Analyst','2025-05-24 14:17:44','c17ff8ca-168d-4d29-8699-fd102a77c1f2'),('dc2ffe09-38a9-11f0-af9b-a864f16c5ca0','Pamela','Morrison','morrison@gmail.com','500-700-700','Accounting','Accountant','2025-05-24 14:17:44','c933ba30-55dd-4568-ada5-0fec21a66a70'),('dc2ffe97-38a9-11f0-af9b-a864f16c5ca0','Kamila','Kowalska','kamila.kowalska@example.com','500-800-800','Sales','Sales Assistant','2025-05-24 14:17:44','d887b83f-3899-11f0-af9b-a864f16c5ca0');
/*!40000 ALTER TABLE `employees` ENABLE KEYS */;
UNLOCK TABLES;

--
-- Table structure for table `languages`
--

DROP TABLE IF EXISTS `languages`;
/*!40101 SET @saved_cs_client     = @@character_set_client */;
/*!50503 SET character_set_client = utf8mb4 */;
CREATE TABLE `languages` (
  `id` varchar(36) NOT NULL,
  `code` varchar(10) NOT NULL,
  `name` varchar(50) NOT NULL,
  PRIMARY KEY (`id`),
  UNIQUE KEY `code` (`code`)
) ENGINE=InnoDB DEFAULT CHARSET=utf8mb3;
/*!40101 SET character_set_client = @saved_cs_client */;

--
-- Dumping data for table `languages`
--

LOCK TABLES `languages` WRITE;
/*!40000 ALTER TABLE `languages` DISABLE KEYS */;
INSERT INTO `languages` VALUES ('d299e8ec-389c-11f0-af9b-a864f16c5ca0','pl','Polski'),('d299ee6d-389c-11f0-af9b-a864f16c5ca0','en','English'),('d299efa5-389c-11f0-af9b-a864f16c5ca0','fr','Français');
/*!40000 ALTER TABLE `languages` ENABLE KEYS */;
UNLOCK TABLES;

--
-- Table structure for table `order_details`
--

DROP TABLE IF EXISTS `order_details`;
/*!40101 SET @saved_cs_client     = @@character_set_client */;
/*!50503 SET character_set_client = utf8mb4 */;
CREATE TABLE `order_details` (
  `id` varchar(36) NOT NULL,
  `order_id` varchar(36) NOT NULL,
  `product_id` varchar(36) NOT NULL,
  `quantity` int NOT NULL,
  PRIMARY KEY (`id`),
  KEY `order_id` (`order_id`),
  KEY `product_id` (`product_id`),
  CONSTRAINT `order_details_ibfk_1` FOREIGN KEY (`order_id`) REFERENCES `orders` (`id`),
  CONSTRAINT `order_details_ibfk_2` FOREIGN KEY (`product_id`) REFERENCES `products` (`id`)
) ENGINE=InnoDB DEFAULT CHARSET=utf8mb3;
/*!40101 SET character_set_client = @saved_cs_client */;

--
-- Dumping data for table `order_details`
--

LOCK TABLES `order_details` WRITE;
/*!40000 ALTER TABLE `order_details` DISABLE KEYS */;
INSERT INTO `order_details` VALUES ('00fe6f68-73ff-463a-8f46-98cf96860aa4','a1440b40-f572-4102-98f8-a38758d8ee5c','6',10),('01c2e71c-e29e-4c3f-858f-17d630591284','f8587b7c-270f-449a-abca-f44b4dd089e1','1',8),('045efff2-4b7b-4417-80b1-f4806b11b6de','121398c7-4c7c-471a-97e2-88befb6dfdfb','4',5),('054b1a33-99c4-4414-b4cc-12ab316b937f','cb802ff0-1fae-4d71-a13f-99b6221088ef','6',5),('09f54902-9a3c-4ae2-a2f3-d9146d8cd45b','ab67f205-dae8-42be-9bca-f28d9302b6c0','13',2),('0ad2319e-dffc-4ff7-91d4-17e4dbdca96c','3e0549cb-d6a1-420c-a184-2a86e4e2f646','13',4),('0bc7be0f-bc48-46ba-8a03-846156383173','35fab936-7c33-400f-b7b8-67744b25a542','4',8),('0cbcfbfa-4f8f-4077-9e31-0073e82e6f9e','5c9de24b-7be6-41a5-ae77-4960e12cd250','11',6),('0eb14891-e983-49e8-b44c-b8c8c469b301','4cca92e9-59f6-4a88-8f12-cfa85e0b63dc','10',9),('0fa24f15-12cf-46de-bbfd-bbcfb6b8ac5a','2b13dc59-04dc-4410-8c3f-2df1810b3be2','13',4),('101a540a-e8f9-4c9e-9a4a-dcd9a12ae9f7','0123facc-9d9e-4b9d-b55d-a3c6cf9d37e9','1',4),('13f30b94-59dc-4c91-88f6-26f8ef7f61ed','d6a47c44-6551-4e9b-85f3-ce8ba0ff380d','11',5),('1a913986-96f3-486b-82e0-88b9e1fb258b','28c6bb7a-bf0f-48a6-9695-569709409090','9',8),('1d1bcb99-3dcd-4c20-905e-885cb49ec4aa','06d33a9c-066b-421a-8d8e-6251ac885f7c','13',2),('2077eb79-efb1-41bc-bf9d-3e5fc6463980','72f72e53-f4c9-48c0-994a-6e307f2c27e5','3',4),('224d0a1d-b004-4e0f-aafb-490a487a197e','c0f6c10f-87cc-449d-bc82-f4518635916e','7',3),('23dd2e39-087b-4c0f-9222-136c6c81e56b','3acfd8ba-b9d1-45cf-ac9f-7241c01953d1','12',10),('24d92d3f-b2a6-4e7b-b13d-1df1df918386','c4835a21-21c7-4953-814c-03a5bdb88c2b','6',2),('2525dfe0-3b6f-4f9a-accf-0da838b80ab9','05981ef6-ec04-44f1-ab72-bd05ae37aae9','5',2),('2a0ac15f-c7aa-40a1-a26b-0427ff2162b4','12a5bd77-ccdf-4dd2-b5db-0bc2d9e7ff33','3',6),('2b004ead-3384-485d-bb88-124039a64d26','b6055a3a-de2a-4365-ad24-651746d990e5','12',3),('2c3faef7-c4cc-4e03-841a-5b0e80c6f26b','c39590c3-09c7-4637-b7fb-624bff1de676','2',6),('31c4cc79-2d8b-42be-b9f9-2d95e5f51182','9086ef0b-9b77-4f00-a7e5-a1e8f0d1a620','12',2),('330b6973-2517-4d76-9e80-6c81c3f5d456','3f24efc5-b47e-438b-b5e6-efb14720517b','12',2),('33acb39b-5e65-47c0-95e8-27b997e63154','cf2aa94c-b3a0-43f7-877c-9a582ea6eea0','12',5),('34f4ec54-cb46-41f6-9a36-e3351bdcff2d','3ddc378f-5e75-4591-9653-df15e16ef32c','8',4),('35225259-6067-474e-85a4-7addd878e9b1','8025a4e9-d6a7-45b6-a2ac-55d29c68a51b','3',3),('362ac3d9-ecd4-4500-9fd3-7d3e077aabd4','c4835a21-21c7-4953-814c-03a5bdb88c2b','1',6),('367ce2e1-f9dd-45f3-8a96-6974ea222b80','a9589069-4ee0-483d-8df3-00f14d3f0227','9',7),('399668ad-9df8-421d-8dbe-bae1bab6b40c','b6135b58-3082-49d9-b273-c25db663b770','1',10),('3c75b8e2-733c-4f3e-bf5d-97877f8f9a4d','cf0d81d5-198b-4c29-a4fc-9270df08f3d3','7',2),('3cf176aa-c871-4df2-9dd1-9828652c8d84','fb78dcf3-59cd-4a1b-a39e-5e1fbe529b20','7',4),('4097fdf9-c431-466e-8432-ca9ff15ed2f4','c9bba866-6501-49de-b15d-10557fbe0aa2','9',3),('45c91455-1c99-45e9-86df-b08a1012e803','ce0a571f-72f3-413c-a0f5-36ab30bfbf17','11',5),('48d48cb6-cc47-4de5-9682-3c0cf77f8fd9','3f946991-21df-46d8-a54d-99f24968fcff','14',1),('4ab6fd39-3c3f-4941-8eec-15ec47db770a','668e4326-423c-470b-88f5-456b20262fd7','7',7),('4cf2b117-d090-4073-b2e3-f75878de9b4d','5a5a93e2-84c4-4f1b-9226-79823d3b29cb','7',5),('4d3f3be0-3b52-4ab8-9674-3463f1b05843','31b7f827-24ab-4f67-b355-99949e132ce2','12',3),('4ec753ec-5db8-41c4-a2b0-f5513d19bd21','cef3a203-8e2b-41b2-9c32-74fc7a75ea89','5',5),('53e708e8-4326-4f08-b080-ce16fd151c3e','39076923-566f-48be-aa9a-18bac4cd5650','13',6),('55164b5a-1b1a-4063-ad7d-da4418873c08','eb4a4dc3-40cc-4baa-8734-d2cbcfcbf62b','14',6),('552ab235-6b23-43e5-95d6-e13a7bf7ea0e','f45b752a-7d40-4cb7-9f7a-2292270f41d1','2',6),('5959c540-1087-4171-9c14-0695dc54ab04','fc3fc986-babb-4319-97ec-ee9392aadcdb','13',3),('5bbc5e4b-7c18-4785-8797-6694db2754d8','022a04c7-cd66-4995-a7cb-dd8fcb60d693','10',8),('5c0496b9-9c4f-401a-a705-8f2a5c2f465c','c9bba866-6501-49de-b15d-10557fbe0aa2','10',1),('5c1248b4-fb87-4d6c-ae27-67d694032edb','3e0f50e1-b272-47fc-b97c-4db0b1c3164f','2',5),('5d191c7f-4b20-4d57-9ad4-c246d6b8db2d','c091f864-7a65-4e7a-98fd-5950d26baa09','12',1),('5f3c1119-888e-4b67-9a1c-3019bba2ed0d','6cc635db-0bc4-45e6-bdd4-32aa8b647978','13',3),('646a4bb2-687e-42ec-b84b-b456cb2bbc7e','f45b752a-7d40-4cb7-9f7a-2292270f41d1','6',4),('6505efb2-0d50-4e27-a15a-b28baaf17548','d45fc39e-46df-4818-b0d6-ae3d2a8deb71','8',4),('66e47d36-d7f1-4d0d-b53f-715ca445e321','3b6c49f0-e0c3-4205-a794-c05526ae8340','1',2),('671775a8-ce94-4822-9cfc-2cb3749a67d3','f10bb17f-2c2e-4024-b9c3-4cbe6b5e4611','10',8),('6768081f-3128-4174-8a4b-74c52f1bb6b4','2c3b1c8f-d38a-4e58-85a5-16e8b12f6bd8','6',4),('68f49f08-c8e4-4389-92e3-5989a7b5db7e','7c41e39c-67a7-4e82-888c-04080c15bfc8','11',7),('6a529d0f-872e-4e20-a8c2-7c2e31ff90a2','07afb024-f200-46e6-8b45-44d5be1c8a19','2',8),('6b03dece-8f3f-44bc-9684-340db2a4ad6e','95e740fd-232f-44e5-b4be-44b0642b04cc','15',2),('6b635604-8cb1-4b82-bd71-fb79938a811b','4c9e163a-4e60-420f-8e35-05ecd5fffeb7','6',9),('6cbb0a09-3840-4a44-ae83-801e6ae2f849','f35d6b4a-89e0-434b-a676-354e1746e14d','2',7),('6cc98a86-125c-4f0d-9c14-62b85a635e94','07e2b90e-91f1-408f-b550-80a1f83ecab2','5',2),('6d609889-ab3d-475c-9444-50e48634d96f','c0f6c10f-87cc-449d-bc82-f4518635916e','9',5),('6f741d0e-a5ed-4d81-a523-6c1de48e3cc9','edf662a0-7d63-45e9-8fcc-ab1a0d711add','9',10),('6f865f5d-250c-4fc9-8269-de7e75f30c5e','c0f6c10f-87cc-449d-bc82-f4518635916e','8',2),('704dd628-e249-4bb0-8da1-2b0770288cd1','4b3f9029-3a10-4562-b248-110b3bb563bb','7',10),('72edc948-8c70-4ed0-bdad-d54761cfed20','b5dd6df1-cd79-42a6-bd89-8b4d14f15c1e','6',4),('745529c4-2242-4eb4-bd95-baa0c1d33d5e','f2aef1d7-c463-405c-8186-5530059d7fd4','1',6),('7567f9bf-0e13-4e3e-bee2-acb0b6735f10','b6135b58-3082-49d9-b273-c25db663b770','10',5),('76a0caa1-e28d-4cc6-8f9a-48d92d220b10','df2326b2-26a1-41df-87fa-e3e2eb7630a6','7',2),('7752ad5e-51c1-4ae8-a8ec-2450c8e02ec1','59f042c1-bae3-4db4-b98f-1f7f0c0ff548','11',1),('77df46f3-e7f6-4bd5-b00a-72019f17a10e','fce15427-cb50-4ae7-92a6-88a8c26e1572','12',7),('780a717d-7435-4468-962b-e1b1ebbe13cc','f06830a1-ac7b-4e50-b3bb-9a23d5d25957','7',4),('78a07d86-4ee8-40fb-baaf-757dd3a29551','d4cea7ed-66cb-4f30-a709-40874c362ee0','1',3),('78c18564-826a-4985-9947-4737e6f5e8e5','7e1b2f78-4a80-4e8e-bfd1-4cb857f71385','8',2),('7939471c-e842-4992-9382-1c96b010d1da','01e83cd9-4db7-4471-b02d-62b2682c50e3','12',10),('7dcfdbdc-3647-44f4-bde2-b643a5dd8437','888964a2-f716-429e-98e1-61056eb444e5','6',6),('7e2c1bef-160c-41ae-999b-a020838c2b6a','a69eb684-b349-41fe-ae67-d77c8c8f3517','14',7),('7e859c0b-2fa4-4389-a108-743806d20fb2','9f134249-0f9f-45b8-befc-6b7ecaf2cd1c','8',3),('81fa6859-1621-4245-812f-7fbc0d0af099','242db5ec-a6b1-4c6c-afcd-7ffdc5a44dd2','13',10),('83b3b7d2-d02d-4b00-be50-c79f1522e92a','38fb345a-965b-4407-b1f3-b720b4188914','1',1),('83c4a560-90fa-48f0-914d-27d0f1df5b23','f54d6541-680c-47d8-85e7-98c4bea80233','12',9),('84b92728-1506-4be8-9774-85bfbdaecb01','9104bfb6-d206-40d8-96fc-6fffd3a04ec4','10',9),('85b86d22-8a62-4b47-856c-a118d084b231','3b6c49f0-e0c3-4205-a794-c05526ae8340','9',10),('893d13e3-fc4d-40a0-91b0-019aeec19761','b8fc4a4c-50e3-41fa-9d5f-b9b9d05ecf5b','9',6),('89b9a541-9b4f-4bde-82b1-7e89c4a78d2f','cd4137b7-56b6-4892-8c3f-49c5b6a1e8e0','9',2),('8be0a5ef-1d26-4a94-bbaa-99f9b504317f','84cb1249-d5a5-48e3-a345-4fc365d99f07','14',5),('8d00c666-1cbd-407f-8ecc-c81707cba068','668e4326-423c-470b-88f5-456b20262fd7','9',8),('8e0e85c5-780c-4d1d-a8ff-bfc7ea97ac41','c6f70e8b-f6ed-43e6-8b01-c5aa0f6a8d18','5',3),('8e35039e-161e-4d2b-9d6a-5ac6475142ff','47b71472-3c26-40d6-bf7d-93dc3aaedcd4','15',4),('8fb14480-25f1-4e41-914a-a30b685bc8aa','5bf22bad-6652-4ffc-a700-4586bc096218','4',6),('93022e08-2d8a-4bf5-a5bb-4b07fed5534f','d64c7e0d-1466-495b-a65e-de26e8b89c24','1',10),('9525fd8f-e5e5-4006-8ee3-53f8c206c2b1','4c9e163a-4e60-420f-8e35-05ecd5fffeb7','11',10),('9559ec68-7165-4bfc-9879-97c01e527e8b','97a82357-3f60-46c8-a290-29b1ab60b53c','14',1),('95eb4320-c79c-43bf-8f52-a00073b4dc4e','4606d403-ee2d-4a87-96ac-3a282f3d6dd4','4',9),('973eb8d6-75d0-48a3-83b9-c6639cc3550e','d45fc39e-46df-4818-b0d6-ae3d2a8deb71','13',4),('9a8136e1-20a4-4d7e-b55c-2f783eeb75f5','2d88630b-4c4f-4f5f-832a-d6fa18685f9c','3',3),('9b3baf52-0863-47f6-9f8b-2cb26f0915c4','ef6217d3-f70a-49c4-91b6-17b47c5032d1','10',7),('9cb43be3-4934-4e97-b20a-217f52ef0f12','a99f0548-2a2d-4ce6-b4aa-efeea9ae0623','14',4),('9d064e2b-11e4-409c-a5c3-097893b8b20e','6a9fcaaa-e7c1-4455-b3d7-75cc61a059a3','7',6),('9e18d4f4-1dc0-4255-b6fd-ae40967d236a','38fb345a-965b-4407-b1f3-b720b4188914','15',3),('9f7e2b42-0db1-4645-a1c5-30000cf24939','1039e74f-4a93-4b3d-b38e-58c086f9d2ec','2',8),('a2ccfb33-3d70-42f4-86bb-e83e8e068421','1ab87c77-d0bc-404e-8173-b05c3ba33aee','10',4),('a3d709f8-4c37-45b1-82f0-41650fcd03d6','3ddc378f-5e75-4591-9653-df15e16ef32c','2',3),('a3df31c6-f8df-4d30-a4fd-aee3cb5aade0','1473faca-4636-490d-ba1b-cae85c40f310','12',8),('a787ffec-4cd7-4a91-95ce-23f94d50b1db','b5e27a33-1b33-4344-90dc-cd9f6f6b76c5','15',8),('aae70b45-5555-4af3-9996-319230e1b08c','4f8668a2-bbf1-46c9-8688-6e632dae1f30','13',9),('aba812ee-2a87-41ec-9376-3fc804720c66','e0d8e40b-b3cf-447b-a8c3-660f58f7dc01','9',3),('ac62eab4-788d-4778-87d1-1bce329dd607','1ab87c77-d0bc-404e-8173-b05c3ba33aee','10',7),('aded9a79-80b7-4a4b-87ab-e923bf5ded1a','d64c7e0d-1466-495b-a65e-de26e8b89c24','10',5),('ae43df40-4b5c-4591-9588-a0d39d46e075','d45fc39e-46df-4818-b0d6-ae3d2a8deb71','5',1),('b1e13507-4a5c-4d99-80b8-2511e95d8e47','889c8a87-8b5b-4aa1-a33c-f6602042e54b','10',8),('b2c22a4f-d5ee-4a01-9f5b-e2e6aa46b716','3a1b2e69-cfb4-46d8-a9fd-187fcb9f97e1','6',5),('b311ace0-563f-4a3d-a4cd-2fc9ebf86583','244bcf7e-b57f-45fe-957c-f0c5e6dbe67f','8',10),('b35e2ec8-3a30-4c79-991b-ccff6207f88c','0c6d2f65-e82f-430a-9d53-b8a23a9cfdcb','6',6),('b3a5f438-7486-4db1-8234-b8b1a17ef04a','84b855fb-ec2f-4263-b44e-ed3a9d7b4235','6',6),('b4ecbde9-2cbe-4c7d-b010-d1be588b13f7','57938ec2-6ad8-4e29-96cf-9ccfe9c645f4','3',7),('b6099bb9-e704-4026-adfb-3c46b9037df2','4378e2a0-dc2e-41d4-ae77-371d73b4e6a8','8',9),('b7461167-ae1a-40af-9344-583397787a7c','fc3fc986-babb-4319-97ec-ee9392aadcdb','15',2),('ba5e01b5-dc71-465e-a06b-ef72e35eec5d','f80aeb83-5f77-4081-b464-c5db3d3b63cd','14',2),('bb367130-950f-4f76-8a32-6ac695ded116','30571f0a-64ad-4db8-84d5-6450391147ab','3',7),('bed6cc01-fccc-4720-9172-1be10a1848a6','c3e2de16-30c2-4d50-a5f8-bb1df1304df4','3',7),('c089badd-1b7f-4b9d-880a-e681ab88bca1','a1440b40-f572-4102-98f8-a38758d8ee5c','15',7),('c1227eaf-b91e-4dd0-bc32-5310bb47f770','1ff29b86-cfff-46c4-b1e3-00263ff57fc3','14',5),('c1b6e25e-f840-47cf-879e-dd373bec323b','3e9d594e-0c06-45f1-8f0a-7064cf3935a6','4',10),('c1e49c21-8027-493c-ae2f-9e3d683a0de5','5bf22bad-6652-4ffc-a700-4586bc096218','2',3),('c7bfe759-6f20-4d89-b4b8-df56edcd14f3','6abdf0a7-1ed7-43d2-8744-ea07bd72234c','10',7),('c7e47ef1-17d3-4472-b0a7-0a99e535e724','b6055a3a-de2a-4365-ad24-651746d990e5','9',3),('c82e6597-524f-4765-80d4-5b99899bc20b','8624179c-bce5-40a1-8bee-348f6667eedf','3',8),('ca81e39e-7b4d-41f8-88f1-748b2eccc43c','2547d2a8-1609-4c20-99e1-c9fd785d5bc8','13',2),('cc281a35-7e7f-4e8c-bad9-f624f01100b8','9086ef0b-9b77-4f00-a7e5-a1e8f0d1a620','9',3),('d39d00b8-5207-4108-84ca-8cce94d998ec','39076923-566f-48be-aa9a-18bac4cd5650','5',1),('d39ea3c2-846d-420e-9ab7-ad7f4b7fc37f','05981ef6-ec04-44f1-ab72-bd05ae37aae9','6',4),('d44a82fd-9146-4330-94ab-a1730ba4d408','4378e2a0-dc2e-41d4-ae77-371d73b4e6a8','7',7),('d5cda0f4-83cb-447a-92f4-1a7f884b12cf','2b71c5be-c2ef-4651-a0fa-c6cd7d8e0ee1','13',3),('da15dfe9-1283-42df-8938-65f1d813861c','38fb345a-965b-4407-b1f3-b720b4188914','1',9),('db3f9e38-de92-4d54-a13e-c17d24ca497a','0d7e167f-b87b-490e-83b0-f14c8061902d','10',5),('de0c32ec-31cc-426f-986d-e3da49e0a6ef','4b3f9029-3a10-4562-b248-110b3bb563bb','5',3),('de160d65-1795-4cc1-baed-58b19d73c321','28c6bb7a-bf0f-48a6-9695-569709409090','6',10),('de7e5eb2-0916-4db2-9cd2-5f73bb03b1d3','c1a9ef30-aac6-4d26-bda7-78131f723aa1','5',3),('e1d1d7a2-0977-4d6d-9b82-4ff33c27cacc','f44b1067-7836-4a02-91c1-d35d34a183a9','11',3),('e228cd65-3fc3-429b-bfec-9dd0dcfc3d08','2547d2a8-1609-4c20-99e1-c9fd785d5bc8','10',10),('e22da073-60f2-4900-80a2-ee34cf3d701c','8025a4e9-d6a7-45b6-a2ac-55d29c68a51b','13',2),('e47fdc3e-97dc-493a-832e-0a6f099fbeb4','fa19b211-bc0e-47e2-bba7-0c6976814ff2','4',6),('e51b04cd-9c3e-49d0-ba2c-f30b9ce525a2','0d7e167f-b87b-490e-83b0-f14c8061902d','1',5),('ea4cac39-ed64-4446-ba42-cbb5358eb1b2','9f134249-0f9f-45b8-befc-6b7ecaf2cd1c','7',6),('ed5f69a5-bf9b-4010-a0f9-4af55b65d93a','edf662a0-7d63-45e9-8fcc-ab1a0d711add','7',10),('ee213197-7def-40de-be81-3d745b51eb45','f54d6541-680c-47d8-85e7-98c4bea80233','2',8),('ef5c3624-e187-4a8b-8cc5-4ff387cbdef9','b7e6e9ef-e5d3-4f70-b416-83273b3ad617','3',2),('f0d3cf5f-e74e-45a7-9d64-9de1b1a98c10','f52cb78e-086d-42f3-aeb3-3cc32d2609bc','4',3),('f4ff55f4-b32c-4225-9099-d462257dd76a','8dd97a26-04c0-49c7-8995-c04f62761a2a','1',8),('f65601bc-1c21-43d5-b570-c4acfdf6ed4d','f06830a1-ac7b-4e50-b3bb-9a23d5d25957','6',2),('f67b2f76-19c2-4688-8bb0-21639df0e310','aabb4421-1e3f-49bb-9132-6b5fc89b2e34','5',2),('f9419f66-5815-4a2e-918d-6e3406832f79','a1440b40-f572-4102-98f8-a38758d8ee5c','9',2);
/*!40000 ALTER TABLE `order_details` ENABLE KEYS */;
UNLOCK TABLES;

--
-- Table structure for table `orders`
--

DROP TABLE IF EXISTS `orders`;
/*!40101 SET @saved_cs_client     = @@character_set_client */;
/*!50503 SET character_set_client = utf8mb4 */;
CREATE TABLE `orders` (
  `id` varchar(36) NOT NULL,
  `client_id` varchar(36) NOT NULL,
  `client_address_id` varchar(36) NOT NULL,
  `created_at` timestamp NULL DEFAULT CURRENT_TIMESTAMP,
  `status` varchar(20) DEFAULT 'pending',
  `payment_status` varchar(20) DEFAULT 'unpaid',
  `payment_date` timestamp NULL DEFAULT NULL,
  PRIMARY KEY (`id`),
  KEY `client_id` (`client_id`),
  KEY `client_address_id` (`client_address_id`),
  CONSTRAINT `orders_ibfk_1` FOREIGN KEY (`client_id`) REFERENCES `clients` (`id`),
  CONSTRAINT `orders_ibfk_2` FOREIGN KEY (`client_address_id`) REFERENCES `client_addresses` (`id`)
) ENGINE=InnoDB DEFAULT CHARSET=utf8mb3;
/*!40101 SET character_set_client = @saved_cs_client */;

--
-- Dumping data for table `orders`
--

LOCK TABLES `orders` WRITE;
/*!40000 ALTER TABLE `orders` DISABLE KEYS */;
INSERT INTO `orders` VALUES ('0123facc-9d9e-4b9d-b55d-a3c6cf9d37e9','6d32d2ff-50ea-11ef-97bd-1002b54ccc69','1a100000-0000-0000-0000-000000000001','2025-01-02 23:00:00','pending','unpaid',NULL),('01e83cd9-4db7-4471-b02d-62b2682c50e3','6d32d2ff-50ea-11ef-97bd-1002b54ccc69','1a100000-0000-0000-0000-000000000001','2025-04-06 22:00:00','shipped','unpaid',NULL),('022a04c7-cd66-4995-a7cb-dd8fcb60d693','6d32d954-50ea-11ef-97bd-1002b54ccc69','1a100000-0000-0000-0000-000000000004','2025-04-13 22:00:00','pending','unpaid',NULL),('05981ef6-ec04-44f1-ab72-bd05ae37aae9','6d32d7e7-50ea-11ef-97bd-1002b54ccc69','1a100000-0000-0000-0000-000000000003','2025-05-24 12:04:25','pending','unpaid',NULL),('06d33a9c-066b-421a-8d8e-6251ac885f71','6d32d954-50ea-11ef-97bd-1002b54ccc69','1a100000-0000-0000-0000-000000000004','2025-02-07 23:00:00','shipped','unpaid',NULL),('06d33a9c-066b-421a-8d8e-6251ac885f7c','6d32d954-50ea-11ef-97bd-1002b54ccc69','1a100000-0000-0000-0000-000000000004','2025-05-07 22:00:00','shipped','unpaid',NULL),('07afb024-f200-46e6-8b45-44d5be1c8a11','6d32df12-50ea-11ef-97bd-1002b54ccc69','1a100000-0000-0000-0000-000000000009','2025-02-12 23:00:00','pending','unpaid',NULL),('07afb024-f200-46e6-8b45-44d5be1c8a19','6d32df12-50ea-11ef-97bd-1002b54ccc69','1a100000-0000-0000-0000-000000000009','2025-05-12 22:00:00','pending','unpaid',NULL),('07e2b90e-91f1-408f-b550-80a1f83ecab1','6d32e2e9-50ea-11ef-97bd-1002b54ccc69','1a100000-0000-0000-0000-000000000012','2025-02-05 23:00:00','pending','unpaid',NULL),('07e2b90e-91f1-408f-b550-80a1f83ecab2','6d32e2e9-50ea-11ef-97bd-1002b54ccc69','1a100000-0000-0000-0000-000000000012','2025-05-05 22:00:00','pending','unpaid',NULL),('0c6d2f65-e82f-430a-9d53-b8a23a9cfdcb','6d32e2e9-50ea-11ef-97bd-1002b54ccc69','1a100000-0000-0000-0000-000000000012','2025-05-11 12:08:42','pending','unpaid',NULL),('0d7e167f-b87b-490e-83b0-f14c8061902d','6d32ed01-50ea-11ef-97bd-1002b54ccc69','1a100000-0000-0000-0000-000000000020','2025-05-24 14:04:36','pending','unpaid',NULL),('1039e74f-4a93-4b3d-b38e-58c086f9d2ec','6d32e2e9-50ea-11ef-97bd-1002b54ccc69','1a100000-0000-0000-0000-000000000012','2025-01-10 23:00:00','pending','paid','2025-01-10 23:00:00'),('121398c7-4c7c-471a-97e2-88befb6dfdfb','6d32e938-50ea-11ef-97bd-1002b54ccc69','1a100000-0000-0000-0000-000000000017','2025-05-16 12:08:42','pending','unpaid',NULL),('12a5bd77-ccdf-4dd2-b5db-0bc2d9e7ff33','6d32d685-50ea-11ef-97bd-1002b54ccc69','1a100000-0000-0000-0000-000000000002','2025-01-04 23:00:00','shipped','paid','2025-01-04 23:00:00'),('1473faca-4636-490d-ba1b-cae85c40f310','6d32d2ff-50ea-11ef-97bd-1002b54ccc69','1a100000-0000-0000-0000-000000000001','2025-04-03 22:00:00','shipped','unpaid',NULL),('1ab87c77-d0bc-404e-8173-b05c3ba33aee','6d32e938-50ea-11ef-97bd-1002b54ccc69','1a100000-0000-0000-0000-000000000017','2025-05-10 12:08:42','pending','unpaid',NULL),('1ff29b86-cfff-46c4-b1e3-00263ff57fc3','6d32e6b2-50ea-11ef-97bd-1002b54ccc69','89207afd-120f-4907-bcaa-b0c3d797d5a2','2025-01-16 23:00:00','pending','paid','2025-01-17 23:00:00'),('242db5ec-a6b1-4c6c-afcd-7ffdc5a44dd2','6d32da49-50ea-11ef-97bd-1002b54ccc69','1a100000-0000-0000-0000-000000000005','2025-04-20 22:00:00','shipped','paid','2025-04-21 22:00:00'),('244bcf7e-b57f-45fe-957c-f0c5e6dbe67f','6d32d7e7-50ea-11ef-97bd-1002b54ccc69','1a100000-0000-0000-0000-000000000003','2025-03-31 22:00:00','shipped','paid','2025-04-05 22:00:00'),('2547d2a8-1609-4c20-99e1-c9fd785d5bc8','6d32e6b2-50ea-11ef-97bd-1002b54ccc69','89207afd-120f-4907-bcaa-b0c3d797d5a2','2025-05-05 12:08:42','pending','unpaid',NULL),('28c6bb7a-bf0f-48a6-9695-569709409090','6d32da49-50ea-11ef-97bd-1002b54ccc69','1a100000-0000-0000-0000-000000000005','2025-03-11 23:00:00','pending','paid','2025-03-12 23:00:00'),('2b13dc59-04dc-4410-8c3f-2df1810b3be2','6d32d954-50ea-11ef-97bd-1002b54ccc69','1a100000-0000-0000-0000-000000000004','2025-03-13 23:00:00','pending','paid','2025-03-13 23:00:00'),('2b71c5be-c2ef-4651-a0fa-c6cd7d8e0ee1','6d32e42c-50ea-11ef-97bd-1002b54ccc69','1a100000-0000-0000-0000-000000000013','2025-02-15 23:00:00','shipped','paid','2025-02-15 23:00:00'),('2c3b1c8f-d38a-4e58-85a5-16e8b12f6bd8','6d32e7f5-50ea-11ef-97bd-1002b54ccc69','1a100000-0000-0000-0000-000000000016','2025-01-13 23:00:00','pending','unpaid',NULL),('2d88630b-4c4f-4f5f-832a-d6fa18685f9c','6d32ebbe-50ea-11ef-97bd-1002b54ccc69','1a100000-0000-0000-0000-000000000019','2025-01-15 23:00:00','pending','paid','2025-01-16 23:00:00'),('30571f0a-64ad-4db8-84d5-6450391147ab','6d32ddcb-50ea-11ef-97bd-1002b54ccc69','1a100000-0000-0000-0000-000000000008','2025-03-10 23:00:00','shipped','unpaid',NULL),('31b7f827-24ab-4f67-b355-99949e132ce2','6d32d685-50ea-11ef-97bd-1002b54ccc69','1a100000-0000-0000-0000-000000000002','2025-03-01 23:00:00','shipped','paid','2025-03-02 23:00:00'),('35fab936-7c33-400f-b7b8-67744b25a542','6d32ddcb-50ea-11ef-97bd-1002b54ccc69','1a100000-0000-0000-0000-000000000008','2025-03-02 23:00:00','shipped','unpaid',NULL),('38fb345a-965b-4407-b1f3-b720b4188914','6d32ebbe-50ea-11ef-97bd-1002b54ccc69','1a100000-0000-0000-0000-000000000019','2025-05-15 12:08:42','pending','unpaid',NULL),('39076923-566f-48be-aa9a-18bac4cd5650','6d32ed01-50ea-11ef-97bd-1002b54ccc69','1a100000-0000-0000-0000-000000000020','2025-05-04 12:08:42','pending','unpaid',NULL),('3a1b2e69-cfb4-46d8-a9fd-187fcb9f97e1','6d32db40-50ea-11ef-97bd-1002b54ccc69','1a100000-0000-0000-0000-000000000006','2025-02-19 23:00:00','shipped','paid','2025-02-19 23:00:00'),('3acfd8ba-b9d1-45cf-ac9f-7241c01953d1','6d32df12-50ea-11ef-97bd-1002b54ccc69','1a100000-0000-0000-0000-000000000009','2025-04-09 22:00:00','shipped','paid','2025-04-09 22:00:00'),('3b6c49f0-e0c3-4205-a794-c05526ae8340','6d32df12-50ea-11ef-97bd-1002b54ccc69','1a100000-0000-0000-0000-000000000009','2025-03-06 23:00:00','pending','paid','2025-03-11 23:00:00'),('3ddc378f-5e75-4591-9653-df15e16ef32c','6d32ea7b-50ea-11ef-97bd-1002b54ccc69','1a100000-0000-0000-0000-000000000018','2025-05-11 12:08:42','pending','unpaid',NULL),('3e0549cb-d6a1-420c-a184-2a86e4e2f646','6d32e56f-50ea-11ef-97bd-1002b54ccc69','1a100000-0000-0000-0000-000000000014','2025-01-08 23:00:00','shipped','paid','2025-01-09 23:00:00'),('3e0f50e1-b272-47fc-b97c-4db0b1c3164f','6d32ddcb-50ea-11ef-97bd-1002b54ccc69','1a100000-0000-0000-0000-000000000008','2025-02-28 23:00:00','pending','paid','2025-02-28 23:00:00'),('3e9d594e-0c06-45f1-8f0a-7064cf3935a6','6d32d954-50ea-11ef-97bd-1002b54ccc69','1a100000-0000-0000-0000-000000000004','2025-02-19 23:00:00','pending','paid','2025-02-19 23:00:00'),('3f24efc5-b47e-438b-b5e6-efb14720517b','6d32d954-50ea-11ef-97bd-1002b54ccc69','1a100000-0000-0000-0000-000000000004','2025-01-08 23:00:00','pending','paid','2025-01-09 23:00:00'),('3f946991-21df-46d8-a54d-99f24968fcff','6d32e42c-50ea-11ef-97bd-1002b54ccc69','1a100000-0000-0000-0000-000000000013','2025-03-09 23:00:00','pending','paid','2025-03-09 23:00:00'),('4378e2a0-dc2e-41d4-ae77-371d73b4e6a8','6d32d954-50ea-11ef-97bd-1002b54ccc69','1a100000-0000-0000-0000-000000000004','2025-05-24 12:04:25','pending','unpaid',NULL),('4606d403-ee2d-4a87-96ac-3a282f3d6dd4','6d32ea7b-50ea-11ef-97bd-1002b54ccc69','1a100000-0000-0000-0000-000000000018','2025-02-14 23:00:00','pending','unpaid',NULL),('47b71472-3c26-40d6-bf7d-93dc3aaedcd1','6d32d7e7-50ea-11ef-97bd-1002b54ccc69','1a100000-0000-0000-0000-000000000003','2025-02-08 23:00:00','pending','paid','2025-02-21 23:00:00'),('47b71472-3c26-40d6-bf7d-93dc3aaedcd4','6d32d7e7-50ea-11ef-97bd-1002b54ccc69','1a100000-0000-0000-0000-000000000003','2025-05-08 22:00:00','pending','paid','2025-05-21 22:00:00'),('4b3f9029-3a10-4562-b248-110b3bb563bb','6d32e057-50ea-11ef-97bd-1002b54ccc69','1a100000-0000-0000-0000-000000000010','2025-05-08 12:08:42','pending','unpaid',NULL),('4c9e163a-4e60-420f-8e35-05ecd5fffeb7','6d32d954-50ea-11ef-97bd-1002b54ccc69','1a100000-0000-0000-0000-000000000004','2025-02-16 23:00:00','pending','paid','2025-02-16 23:00:00'),('4cca92e9-59f6-4a88-8f12-cfa85e0b63dc','6d32d7e7-50ea-11ef-97bd-1002b54ccc69','1a100000-0000-0000-0000-000000000003','2025-03-31 22:00:00','pending','paid','2025-04-02 22:00:00'),('4f8668a2-bbf1-46c9-8688-6e632dae1f30','6d32e6b2-50ea-11ef-97bd-1002b54ccc69','89207afd-120f-4907-bcaa-b0c3d797d5a2','2025-02-06 23:00:00','pending','paid','2025-02-06 23:00:00'),('57938ec2-6ad8-4e29-96cf-9ccfe9c645f4','6d32df12-50ea-11ef-97bd-1002b54ccc69','1a100000-0000-0000-0000-000000000009','2025-01-19 23:00:00','shipped','paid','2025-01-20 23:00:00'),('59f042c1-bae3-4db4-b98f-1f7f0c0ff548','6d32e7f5-50ea-11ef-97bd-1002b54ccc69','1a100000-0000-0000-0000-000000000016','2025-05-01 12:08:42','pending','unpaid',NULL),('5a5a93e2-84c4-4f1b-9226-79823d3b29cb','6d32df12-50ea-11ef-97bd-1002b54ccc69','1a100000-0000-0000-0000-000000000009','2025-01-11 23:00:00','pending','unpaid',NULL),('5bf22bad-6652-4ffc-a700-4586bc096218','6d32d685-50ea-11ef-97bd-1002b54ccc69','1a100000-0000-0000-0000-000000000002','2025-05-24 12:04:25','pending','unpaid',NULL),('5c9de24b-7be6-41a5-ae77-4960e12cd250','6d32e1a0-50ea-11ef-97bd-1002b54ccc69','1a100000-0000-0000-0000-000000000011','2025-01-07 23:00:00','pending','unpaid',NULL),('668e4326-423c-470b-88f5-456b20262fd7','6d32d7e7-50ea-11ef-97bd-1002b54ccc69','1a100000-0000-0000-0000-000000000003','2025-03-06 23:00:00','pending','unpaid',NULL),('6a9fcaaa-e7c1-4455-b3d7-75cc61a059a3','6d32d954-50ea-11ef-97bd-1002b54ccc69','1a100000-0000-0000-0000-000000000004','2025-01-24 23:00:00','pending','paid','2025-01-25 23:00:00'),('6abdf0a7-1ed7-43d2-8744-ea07bd722341','6d32e42c-50ea-11ef-97bd-1002b54ccc69','1a100000-0000-0000-0000-000000000013','2025-02-25 23:00:00','shipped','unpaid',NULL),('6abdf0a7-1ed7-43d2-8744-ea07bd72234c','6d32e42c-50ea-11ef-97bd-1002b54ccc69','1a100000-0000-0000-0000-000000000013','2025-04-25 22:00:00','shipped','unpaid',NULL),('6cc635db-0bc4-45e6-bdd4-32aa8b647978','6d32e2e9-50ea-11ef-97bd-1002b54ccc69','1a100000-0000-0000-0000-000000000012','2025-01-14 23:00:00','shipped','paid','2025-01-14 23:00:00'),('72f72e53-f4c9-48c0-994a-6e307f2c27e1','6d32d7e7-50ea-11ef-97bd-1002b54ccc69','1a100000-0000-0000-0000-000000000003','2025-02-22 23:00:00','pending','paid','2025-03-17 23:00:00'),('72f72e53-f4c9-48c0-994a-6e307f2c27e5','6d32d7e7-50ea-11ef-97bd-1002b54ccc69','1a100000-0000-0000-0000-000000000003','2025-05-22 22:00:00','pending','paid','2025-05-17 22:00:00'),('7c41e39c-67a7-4e82-888c-04080c15bfc8','6d32e42c-50ea-11ef-97bd-1002b54ccc69','1a100000-0000-0000-0000-000000000013','2025-01-17 23:00:00','pending','unpaid',NULL),('7e1b2f78-4a80-4e8e-bfd1-4cb857f71385','6d32db40-50ea-11ef-97bd-1002b54ccc69','1a100000-0000-0000-0000-000000000006','2025-01-28 23:00:00','pending','paid','2025-01-29 23:00:00'),('8025a4e9-d6a7-45b6-a2ac-55d29c68a51b','6d32d7e7-50ea-11ef-97bd-1002b54ccc69','1a100000-0000-0000-0000-000000000003','2025-02-05 23:00:00','shipped','paid','2025-02-05 23:00:00'),('84b855fb-ec2f-4263-b44e-ed3a9d7b4231','6d32ed01-50ea-11ef-97bd-1002b54ccc69','1a100000-0000-0000-0000-000000000020','2025-02-18 23:00:00','shipped','paid','2025-02-23 23:00:00'),('84b855fb-ec2f-4263-b44e-ed3a9d7b4235','6d32ed01-50ea-11ef-97bd-1002b54ccc69','1a100000-0000-0000-0000-000000000020','2025-05-18 22:00:00','shipped','paid','2025-05-23 22:00:00'),('84cb1249-d5a5-48e3-a345-4fc365d99f07','6d32e938-50ea-11ef-97bd-1002b54ccc69','1a100000-0000-0000-0000-000000000017','2025-01-10 23:00:00','shipped','paid','2025-01-12 23:00:00'),('8624179c-bce5-40a1-8bee-348f6667eedf','6d32ed01-50ea-11ef-97bd-1002b54ccc69','1a100000-0000-0000-0000-000000000020','2025-02-22 23:00:00','pending','paid','2025-02-22 23:00:00'),('888964a2-f716-429e-98e1-61056eb444e5','6d32e6b2-50ea-11ef-97bd-1002b54ccc69','89207afd-120f-4907-bcaa-b0c3d797d5a2','2025-01-20 23:00:00','shipped','paid','2025-01-20 23:00:00'),('889c8a87-8b5b-4aa1-a33c-f6602042e54b','6d32df12-50ea-11ef-97bd-1002b54ccc69','1a100000-0000-0000-0000-000000000009','2025-02-12 23:00:00','pending','paid','2025-02-12 23:00:00'),('8dd97a26-04c0-49c7-8995-c04f62761a2a','6d32ea7b-50ea-11ef-97bd-1002b54ccc69','1a100000-0000-0000-0000-000000000018','2025-03-07 23:00:00','pending','paid','2025-03-07 23:00:00'),('9086ef0b-9b77-4f00-a7e5-a1e8f0d1a620','6d32da49-50ea-11ef-97bd-1002b54ccc69','1a100000-0000-0000-0000-000000000005','2025-05-24 12:04:25','shipped','unpaid',NULL),('9104bfb6-d206-40d8-96fc-6fffd3a04ec4','6d32ea7b-50ea-11ef-97bd-1002b54ccc69','1a100000-0000-0000-0000-000000000018','2025-01-23 23:00:00','pending','paid','2025-01-23 23:00:00'),('95e740fd-232f-44e5-b4be-44b0642b04cc','6d32e56f-50ea-11ef-97bd-1002b54ccc69','1a100000-0000-0000-0000-000000000014','2025-01-28 23:00:00','shipped','paid','2025-01-29 23:00:00'),('97a82357-3f60-46c8-a290-29b1ab60b531','6d32d7e7-50ea-11ef-97bd-1002b54ccc69','1a100000-0000-0000-0000-000000000003','2025-02-21 23:00:00','shipped','paid','2025-03-20 23:00:00'),('97a82357-3f60-46c8-a290-29b1ab60b53c','6d32d7e7-50ea-11ef-97bd-1002b54ccc69','1a100000-0000-0000-0000-000000000003','2025-05-21 22:00:00','shipped','paid','2025-05-20 22:00:00'),('9f134249-0f9f-45b8-befc-6b7ecaf2cd1c','6d32ea7b-50ea-11ef-97bd-1002b54ccc69','1a100000-0000-0000-0000-000000000018','2025-02-11 23:00:00','shipped','paid','2025-02-11 23:00:00'),('a1440b40-f572-4102-98f8-a38758d8ee5c','6d32e938-50ea-11ef-97bd-1002b54ccc69','1a100000-0000-0000-0000-000000000017','2025-05-06 12:08:42','pending','unpaid',NULL),('a69eb684-b349-41fe-ae67-d77c8c8f3517','6d32e6b2-50ea-11ef-97bd-1002b54ccc69','89207afd-120f-4907-bcaa-b0c3d797d5a2','2025-02-01 23:00:00','pending','paid','2025-02-01 23:00:00'),('a9589069-4ee0-483d-8df3-00f14d3f0227','6d32d685-50ea-11ef-97bd-1002b54ccc69','1a100000-0000-0000-0000-000000000002','2025-04-11 22:00:00','shipped','paid','2025-04-12 22:00:00'),('a99f0548-2a2d-4ce6-b4aa-efeea9ae0623','6d32ed01-50ea-11ef-97bd-1002b54ccc69','1a100000-0000-0000-0000-000000000020','2025-01-26 23:00:00','pending','unpaid',NULL),('aabb4421-1e3f-49bb-9132-6b5fc89b2e34','6d32ddcb-50ea-11ef-97bd-1002b54ccc69','1a100000-0000-0000-0000-000000000008','2025-01-05 23:00:00','shipped','paid','2025-01-06 23:00:00'),('ab67f205-dae8-42be-9bca-f28d9302b6c0','6d32ebbe-50ea-11ef-97bd-1002b54ccc69','1a100000-0000-0000-0000-000000000019','2025-05-07 12:08:42','pending','unpaid',NULL),('b5dd6df1-cd79-42a6-bd89-8b4d14f15c1e','6d32ed01-50ea-11ef-97bd-1002b54ccc69','1a100000-0000-0000-0000-000000000020','2025-01-21 23:00:00','pending','paid','2025-01-21 23:00:00'),('b5e27a33-1b33-4344-90dc-cd9f6f6b76c5','6d32e56f-50ea-11ef-97bd-1002b54ccc69','1a100000-0000-0000-0000-000000000014','2025-01-29 23:00:00','shipped','paid','2025-01-29 23:00:00'),('b6055a3a-de2a-4365-ad24-651746d990e5','6d32e6b2-50ea-11ef-97bd-1002b54ccc69','89207afd-120f-4907-bcaa-b0c3d797d5a2','2025-02-15 23:00:00','pending','unpaid',NULL),('b6135b58-3082-49d9-b273-c25db663b770','6d32d2ff-50ea-11ef-97bd-1002b54ccc69','1a100000-0000-0000-0000-000000000001','2025-05-24 12:04:25','pending','unpaid',NULL),('b7e6e9ef-e5d3-4f70-b416-83273b3ad617','6d32e56f-50ea-11ef-97bd-1002b54ccc69','1a100000-0000-0000-0000-000000000014','2025-05-10 12:08:42','pending','unpaid',NULL),('b8fc4a4c-50e3-41fa-9d5f-b9b9d05ecf5b','6d32e938-50ea-11ef-97bd-1002b54ccc69','1a100000-0000-0000-0000-000000000017','2025-01-14 23:00:00','shipped','paid','2025-01-16 23:00:00'),('c091f864-7a65-4e7a-98fd-5950d26baa01','6d32e56f-50ea-11ef-97bd-1002b54ccc69','1a100000-0000-0000-0000-000000000014','2025-02-10 23:00:00','pending','paid','2025-03-18 23:00:00'),('c091f864-7a65-4e7a-98fd-5950d26baa09','6d32e56f-50ea-11ef-97bd-1002b54ccc69','1a100000-0000-0000-0000-000000000014','2025-05-20 22:00:00','pending','paid','2025-05-18 22:00:00'),('c0f6c10f-87cc-449d-bc82-f4518635916e','6d32ebbe-50ea-11ef-97bd-1002b54ccc69','1a100000-0000-0000-0000-000000000019','2025-05-12 12:08:42','pending','unpaid',NULL),('c1a9ef30-aac6-4d26-bda7-78131f723aa1','6d32dc90-50ea-11ef-97bd-1002b54ccc69','1a100000-0000-0000-0000-000000000007','2025-01-02 23:00:00','shipped','paid','2025-01-03 23:00:00'),('c39590c3-09c7-4637-b7fb-624bff1de676','6d32d7e7-50ea-11ef-97bd-1002b54ccc69','1a100000-0000-0000-0000-000000000003','2025-02-17 23:00:00','pending','paid','2025-02-17 23:00:00'),('c3e2de16-30c2-4d50-a5f8-bb1df1304df4','6d32e938-50ea-11ef-97bd-1002b54ccc69','1a100000-0000-0000-0000-000000000017','2025-02-08 23:00:00','pending','paid','2025-02-09 23:00:00'),('c4835a21-21c7-4953-814c-03a5bdb88c2b','6d32da49-50ea-11ef-97bd-1002b54ccc69','1a100000-0000-0000-0000-000000000005','2025-03-21 23:00:00','pending','unpaid',NULL),('c6f70e8b-f6ed-43e6-8b01-c5aa0f6a8d18','6d32e6b2-50ea-11ef-97bd-1002b54ccc69','89207afd-120f-4907-bcaa-b0c3d797d5a2','2025-03-18 23:00:00','shipped','paid','2025-03-19 23:00:00'),('c9bba866-6501-49de-b15d-10557fbe0aa2','6d32e057-50ea-11ef-97bd-1002b54ccc69','1a100000-0000-0000-0000-000000000010','2025-03-28 23:00:00','shipped','paid','2025-04-01 22:00:00'),('cb802ff0-1fae-4d71-a13f-99b6221088ef','6d32ebbe-50ea-11ef-97bd-1002b54ccc69','1a100000-0000-0000-0000-000000000019','2025-03-12 23:00:00','shipped','paid','2025-03-12 23:00:00'),('cd4137b7-56b6-4892-8c3f-49c5b6a1e8e0','6d32dc90-50ea-11ef-97bd-1002b54ccc69','1a100000-0000-0000-0000-000000000007','2025-02-10 23:00:00','shipped','paid','2025-02-10 23:00:00'),('ce0a571f-72f3-413c-a0f5-36ab30bfbf17','6d32d954-50ea-11ef-97bd-1002b54ccc69','1a100000-0000-0000-0000-000000000004','2025-02-07 23:00:00','shipped','paid','2025-02-08 23:00:00'),('cef3a203-8e2b-41b2-9c32-74fc7a75ea89','6d32df12-50ea-11ef-97bd-1002b54ccc69','1a100000-0000-0000-0000-000000000009','2025-03-31 22:00:00','pending','paid','2025-03-31 22:00:00'),('cf0d81d5-198b-4c29-a4fc-9270df08f3d3','6d32d685-50ea-11ef-97bd-1002b54ccc69','1a100000-0000-0000-0000-000000000002','2025-01-04 23:00:00','pending','paid','2025-01-05 23:00:00'),('cf2aa94c-b3a0-43f7-877c-9a582ea6eea0','6d32e42c-50ea-11ef-97bd-1002b54ccc69','1a100000-0000-0000-0000-000000000013','2025-01-20 23:00:00','shipped','paid','2025-01-21 23:00:00'),('d45fc39e-46df-4818-b0d6-ae3d2a8deb71','6d32ddcb-50ea-11ef-97bd-1002b54ccc69','1a100000-0000-0000-0000-000000000008','2025-05-15 12:08:42','pending','unpaid',NULL),('d4cea7ed-66cb-4f30-a709-40874c362ee0','6d32ea7b-50ea-11ef-97bd-1002b54ccc69','1a100000-0000-0000-0000-000000000018','2025-05-09 12:08:42','pending','unpaid',NULL),('d64c7e0d-1466-495b-a65e-de26e8b89c24','6d32e6b2-50ea-11ef-97bd-1002b54ccc69','89207afd-120f-4907-bcaa-b0c3d797d5a2','2025-05-24 14:01:46','pending','unpaid',NULL),('d6a47c44-6551-4e9b-85f3-ce8ba0ff3801','6d32e42c-50ea-11ef-97bd-1002b54ccc69','1a100000-0000-0000-0000-000000000013','2025-02-17 23:00:00','shipped','unpaid',NULL),('d6a47c44-6551-4e9b-85f3-ce8ba0ff380d','6d32e42c-50ea-11ef-97bd-1002b54ccc69','1a100000-0000-0000-0000-000000000013','2025-05-17 22:00:00','shipped','unpaid',NULL),('df2326b2-26a1-41df-87fa-e3e2eb7630a6','6d32e1a0-50ea-11ef-97bd-1002b54ccc69','1a100000-0000-0000-0000-000000000011','2025-03-05 23:00:00','shipped','paid','2025-03-05 23:00:00'),('e0d8e40b-b3cf-447b-a8c3-660f58f7dc01','6d32db40-50ea-11ef-97bd-1002b54ccc69','1a100000-0000-0000-0000-000000000006','2025-01-03 23:00:00','pending','paid','2025-01-04 23:00:00'),('eb4a4dc3-40cc-4baa-8734-d2cbcfcbf62b','6d32ddcb-50ea-11ef-97bd-1002b54ccc69','1a100000-0000-0000-0000-000000000008','2025-04-22 22:00:00','pending','paid','2025-04-26 22:00:00'),('edf662a0-7d63-45e9-8fcc-ab1a0d711add','6d32dc90-50ea-11ef-97bd-1002b54ccc69','1a100000-0000-0000-0000-000000000007','2025-05-06 12:08:42','pending','unpaid',NULL),('ef6217d3-f70a-49c4-91b6-17b47c5032d1','6d32ed01-50ea-11ef-97bd-1002b54ccc69','1a100000-0000-0000-0000-000000000020','2025-03-15 23:00:00','pending','paid','2025-03-15 23:00:00'),('f06830a1-ac7b-4e50-b3bb-9a23d5d25957','6d32e057-50ea-11ef-97bd-1002b54ccc69','1a100000-0000-0000-0000-000000000010','2025-03-07 23:00:00','pending','paid','2025-03-08 23:00:00'),('f10bb17f-2c2e-4024-b9c3-4cbe6b5e4611','6d32df12-50ea-11ef-97bd-1002b54ccc69','1a100000-0000-0000-0000-000000000009','2025-05-16 12:08:42','pending','unpaid',NULL),('f2aef1d7-c463-405c-8186-5530059d7fd4','6d32e7f5-50ea-11ef-97bd-1002b54ccc69','1a100000-0000-0000-0000-000000000016','2025-02-03 23:00:00','pending','paid','2025-02-03 23:00:00'),('f35d6b4a-89e0-434b-a676-354e1746e14d','6d32ea7b-50ea-11ef-97bd-1002b54ccc69','1a100000-0000-0000-0000-000000000018','2025-01-18 23:00:00','pending','unpaid',NULL),('f44b1067-7836-4a02-91c1-d35d34a183a9','6d32d2ff-50ea-11ef-97bd-1002b54ccc69','1a100000-0000-0000-0000-000000000001','2025-01-24 23:00:00','shipped','paid','2025-01-25 23:00:00'),('f45b752a-7d40-4cb7-9f7a-2292270f41d1','6d32d7e7-50ea-11ef-97bd-1002b54ccc69','1a100000-0000-0000-0000-000000000003','2025-03-19 23:00:00','pending','paid','2025-03-20 23:00:00'),('f52cb78e-086d-42f3-aeb3-3cc32d2609bc','6d32e057-50ea-11ef-97bd-1002b54ccc69','1a100000-0000-0000-0000-000000000010','2025-02-23 23:00:00','pending','paid','2025-02-23 23:00:00'),('f54d6541-680c-47d8-85e7-98c4bea80233','6d32e56f-50ea-11ef-97bd-1002b54ccc69','1a100000-0000-0000-0000-000000000014','2025-02-04 23:00:00','shipped','paid','2025-02-04 23:00:00'),('f80aeb83-5f77-4081-b464-c5db3d3b63cd','6d32e1a0-50ea-11ef-97bd-1002b54ccc69','1a100000-0000-0000-0000-000000000011','2025-05-12 12:08:42','pending','unpaid',NULL),('f8587b7c-270f-449a-abca-f44b4dd089e1','6d32db40-50ea-11ef-97bd-1002b54ccc69','1a100000-0000-0000-0000-000000000006','2025-03-08 23:00:00','pending','paid','2025-03-11 23:00:00'),('fa19b211-bc0e-47e2-bba7-0c6976814ff2','6d32e2e9-50ea-11ef-97bd-1002b54ccc69','1a100000-0000-0000-0000-000000000012','2025-03-03 23:00:00','pending','paid','2025-03-03 23:00:00'),('fb78dcf3-59cd-4a1b-a39e-5e1fbe529b20','6d32e6b2-50ea-11ef-97bd-1002b54ccc69','89207afd-120f-4907-bcaa-b0c3d797d5a2','2025-02-01 23:00:00','shipped','paid','2025-02-02 23:00:00'),('fc3fc986-babb-4319-97ec-ee9392aadcdb','6d32db40-50ea-11ef-97bd-1002b54ccc69','1a100000-0000-0000-0000-000000000006','2025-05-07 12:08:42','pending','unpaid',NULL),('fce15427-cb50-4ae7-92a6-88a8c26e1572','6d32e42c-50ea-11ef-97bd-1002b54ccc69','1a100000-0000-0000-0000-000000000013','2025-05-14 12:08:42','pending','unpaid',NULL);
/*!40000 ALTER TABLE `orders` ENABLE KEYS */;
UNLOCK TABLES;

--
-- Table structure for table `product_translations`
--

DROP TABLE IF EXISTS `product_translations`;
/*!40101 SET @saved_cs_client     = @@character_set_client */;
/*!50503 SET character_set_client = utf8mb4 */;
CREATE TABLE `product_translations` (
  `product_id` varchar(36) NOT NULL,
  `language_id` varchar(36) NOT NULL,
  `name` varchar(255) NOT NULL,
  `description` text,
  PRIMARY KEY (`product_id`,`language_id`),
  KEY `language_id` (`language_id`),
  CONSTRAINT `product_translations_ibfk_1` FOREIGN KEY (`product_id`) REFERENCES `products` (`id`),
  CONSTRAINT `product_translations_ibfk_2` FOREIGN KEY (`language_id`) REFERENCES `languages` (`id`)
) ENGINE=InnoDB DEFAULT CHARSET=utf8mb3;
/*!40101 SET character_set_client = @saved_cs_client */;

--
-- Dumping data for table `product_translations`
--

LOCK TABLES `product_translations` WRITE;
/*!40000 ALTER TABLE `product_translations` DISABLE KEYS */;
INSERT INTO `product_translations` VALUES ('1','d299e8ec-389c-11f0-af9b-a864f16c5ca0','Papier ksero A4, 80g/m²','Format A4, 80g/m², paczka 500 arkuszy'),('1','d299ee6d-389c-11f0-af9b-a864f16c5ca0','Paper copy A4, 80g/m²','Format A4, 80g/m², pack 500 sheets'),('1','d299efa5-389c-11f0-af9b-a864f16c5ca0','Papier copie A4, 80g/m²','Format A4, 80g/m², paquet 500 feuilles'),('10','d299e8ec-389c-11f0-af9b-a864f16c5ca0','Papier ksero A4, 70g/m²','Format A4, 70g/m², paczka 500 arkuszy'),('10','d299ee6d-389c-11f0-af9b-a864f16c5ca0','Paper copy A4, 70g/m²','Format A4, 70g/m², pack 500 sheets'),('10','d299efa5-389c-11f0-af9b-a864f16c5ca0','Papier copie A4, 70g/m²','Format A4, 70g/m², paquet 500 feuilles'),('11','d299e8ec-389c-11f0-af9b-a864f16c5ca0','Papier ksero A3, 70g/m²','Format A3, 70g/m², paczka 250 arkuszy'),('11','d299ee6d-389c-11f0-af9b-a864f16c5ca0','Paper copy A3, 70g/m²','Format A3, 70g/m², pack 250 sheets'),('11','d299efa5-389c-11f0-af9b-a864f16c5ca0','Papier copie A3, 70g/m²','Format A3, 70g/m², paquet 250 feuilles'),('12','d299e8ec-389c-11f0-af9b-a864f16c5ca0','Papier ksero A4, 90g/m²','Format A4, 90g/m², paczka 500 arkuszy'),('12','d299ee6d-389c-11f0-af9b-a864f16c5ca0','Paper copy A4, 90g/m²','Format A4, 90g/m², pack 500 sheets'),('12','d299efa5-389c-11f0-af9b-a864f16c5ca0','Papier copie A4, 90g/m²','Format A4, 90g/m², paquet 500 feuilles'),('13','d299e8ec-389c-11f0-af9b-a864f16c5ca0','Papier ksero A3, 90g/m²','Format A3, 90g/m², paczka 250 arkuszy'),('13','d299ee6d-389c-11f0-af9b-a864f16c5ca0','Paper copy A3, 90g/m²','Format A3, 90g/m², pack 250 sheets'),('13','d299efa5-389c-11f0-af9b-a864f16c5ca0','Papier copie A3, 90g/m²','Format A3, 90g/m², paquet 250 feuilles'),('14','d299e8ec-389c-11f0-af9b-a864f16c5ca0','Papier ksero A4, 100g/m²','Format A4, 100g/m², paczka 500 arkuszy'),('14','d299ee6d-389c-11f0-af9b-a864f16c5ca0','Paper copy A4, 100g/m²','Format A4, 100g/m², pack 500 sheets'),('14','d299efa5-389c-11f0-af9b-a864f16c5ca0','Papier copie A4, 100g/m²','Format A4, 100g/m², paquet 500 feuilles'),('15','d299e8ec-389c-11f0-af9b-a864f16c5ca0','Papier ksero A3, 100g/m²','Format A3, 100g/m², paczka 250 arkuszy'),('15','d299ee6d-389c-11f0-af9b-a864f16c5ca0','Paper copy A3, 100g/m²','Format A3, 100g/m², pack 250 sheets'),('15','d299efa5-389c-11f0-af9b-a864f16c5ca0','Papier copie A3, 100g/m²','Format A3, 100g/m², paquet 250 feuilles'),('2','d299e8ec-389c-11f0-af9b-a864f16c5ca0','Papier ksero A3, 80g/m²','Format A3, 80g/m², paczka 250 arkuszy'),('2','d299ee6d-389c-11f0-af9b-a864f16c5ca0','Paper copy A3, 80g/m²','Format A3, 80g/m², pack 250 sheets'),('2','d299efa5-389c-11f0-af9b-a864f16c5ca0','Papier copie A3, 80g/m²','Format A3, 80g/m², paquet 250 feuilles'),('3','d299e8ec-389c-11f0-af9b-a864f16c5ca0','Papier ekologiczny, bezdrzewny','Papier ekologiczny, bezdrzewny, format A4, paczka 500 arkuszy'),('3','d299ee6d-389c-11f0-af9b-a864f16c5ca0','Eco-friendly paper, tree-free','Eco-friendly paper, tree-free, A4 format, pack 500 sheets'),('3','d299efa5-389c-11f0-af9b-a864f16c5ca0','Papier écologique, sans bois','Papier écologique, sans bois, format A4, paquet 500 feuilles'),('4','d299e8ec-389c-11f0-af9b-a864f16c5ca0','Papier kolorowy A4','Papier kolorowy, format A4, paczka 250 arkuszy'),('4','d299ee6d-389c-11f0-af9b-a864f16c5ca0','Colored paper A4','Colored paper, A4 format, pack 250 sheets'),('4','d299efa5-389c-11f0-af9b-a864f16c5ca0','Papier coloré A4','Papier coloré, format A4, paquet 250 feuilles'),('5','d299e8ec-389c-11f0-af9b-a864f16c5ca0','Papier o zwiększonej gramaturze, 100g/m²','Papier o zwiększonej gramaturze, 100g/m², paczka 250 arkuszy'),('5','d299ee6d-389c-11f0-af9b-a864f16c5ca0','Heavyweight paper, 100g/m²','Heavyweight paper, 100g/m², pack 250 sheets'),('5','d299efa5-389c-11f0-af9b-a864f16c5ca0','Papier épais, 100g/m²','Papier épais, 100g/m², paquet 250 feuilles'),('6','d299e8ec-389c-11f0-af9b-a864f16c5ca0','Papier do drukarek Letter (8.5 x 11 cali), 75g/m²','Format Letter (8.5 x 11 cali), 75g/m², paczka 500 arkuszy'),('6','d299ee6d-389c-11f0-af9b-a864f16c5ca0','Printer paper Letter (8.5 x 11 in), 75g/m²','Format Letter (8.5 x 11 in), 75g/m², pack 500 sheets'),('6','d299efa5-389c-11f0-af9b-a864f16c5ca0','Papier imprimante Letter (8.5 x 11 pouces), 75g/m²','Format Letter (8.5 x 11 pouces), 75g/m², paquet 500 feuilles'),('7','d299e8ec-389c-11f0-af9b-a864f16c5ca0','Papier do drukarek Legal (8.5 x 14 cali), 80g/m²','Format Legal (8.5 x 14 cali), 80g/m², paczka 250 arkuszy'),('7','d299ee6d-389c-11f0-af9b-a864f16c5ca0','Printer paper Legal (8.5 x 14 in), 80g/m²','Format Legal (8.5 x 14 in), 80g/m², pack 250 sheets'),('7','d299efa5-389c-11f0-af9b-a864f16c5ca0','Papier imprimante Legal (8.5 x 14 pouces), 80g/m²','Format Legal (8.5 x 14 pouces), 80g/m², paquet 250 feuilles'),('8','d299e8ec-389c-11f0-af9b-a864f16c5ca0','Papier fotograficzny, błyszczący, format 4x6 cali','Błyszczący papier fotograficzny, format 4x6 cali, paczka 50 arkuszy'),('8','d299ee6d-389c-11f0-af9b-a864f16c5ca0','Glossy photo paper, 4x6 inch format','Glossy photo paper, 4x6 inch format, pack 50 sheets'),('8','d299efa5-389c-11f0-af9b-a864f16c5ca0','Papier photo brillant, format 4x6 pouces','Papier photo brillant, format 4x6 pouces, paquet 50 feuilles'),('9','d299e8ec-389c-11f0-af9b-a864f16c5ca0','Papier samoprzylepny A4','Samoprzylepny papier, format A4, paczka 100 arkuszy'),('9','d299ee6d-389c-11f0-af9b-a864f16c5ca0','Self-adhesive paper A4','Self-adhesive paper, A4 format, pack 100 sheets'),('9','d299efa5-389c-11f0-af9b-a864f16c5ca0','Papier autocollant A4','Papier autocollant, format A4, paquet 100 feuilles');
/*!40000 ALTER TABLE `product_translations` ENABLE KEYS */;
UNLOCK TABLES;

--
-- Table structure for table `products`
--

DROP TABLE IF EXISTS `products`;
/*!40101 SET @saved_cs_client     = @@character_set_client */;
/*!50503 SET character_set_client = utf8mb4 */;
CREATE TABLE `products` (
  `id` varchar(36) NOT NULL,
  `name` varchar(255) NOT NULL,
  `category` varchar(50) NOT NULL,
  `description` text,
  `price` decimal(10,2) NOT NULL,
  `stock` int NOT NULL DEFAULT '0',
  `created_at` timestamp NULL DEFAULT CURRENT_TIMESTAMP,
  PRIMARY KEY (`id`)
) ENGINE=InnoDB DEFAULT CHARSET=utf8mb3;
/*!40101 SET character_set_client = @saved_cs_client */;

--
-- Dumping data for table `products`
--

LOCK TABLES `products` WRITE;
/*!40000 ALTER TABLE `products` DISABLE KEYS */;
INSERT INTO `products` VALUES ('1','Papier ksero A4, 80g/m²','Papier ksero','Format A4, 80g/m², paczka 500 arkuszy',19.99,100,'2024-03-21 15:45:29'),('10','Papier ksero A4, 70g/m²','Papier ksero','Format A4, 70g/m², paczka 500 arkuszy',17.99,150,'2024-03-21 15:48:17'),('11','Papier ksero A3, 70g/m²','Papier ksero','Format A3, 70g/m², paczka 250 arkuszy',37.99,100,'2024-03-21 15:48:17'),('12','Papier ksero A4, 90g/m²','Papier ksero','Format A4, 90g/m², paczka 500 arkuszy',24.99,100,'2024-03-21 15:48:17'),('13','Papier ksero A3, 90g/m²','Papier ksero','Format A3, 90g/m², paczka 250 arkuszy',44.99,75,'2024-03-21 15:48:17'),('14','Papier ksero A4, 100g/m²','Papier ksero','Format A4, 100g/m², paczka 500 arkuszy',29.99,125,'2024-03-21 15:48:17'),('15','Papier ksero A3, 100g/m²','Papier ksero','Format A3, 100g/m², paczka 250 arkuszy',49.99,50,'2024-03-21 15:48:17'),('2','Papier ksero A3, 80g/m²','Papier ksero','Format A3, 80g/m², paczka 250 arkuszy',39.99,50,'2024-03-21 15:45:29'),('3','Papier ekologiczny, bezdrzewny','Papier ksero','Papier ekologiczny, bezdrzewny, format A4, paczka 500 arkuszy',24.99,75,'2024-03-21 15:45:29'),('4','Papier kolorowy A4','Papier ksero','Papier kolorowy, format A4, paczka 250 arkuszy',29.99,50,'2024-03-21 15:45:29'),('5','Papier o zwiększonej gramaturze, 100g/m²','Papier ksero','Papier o zwiększonej gramaturze, 100g/m², paczka 250 arkuszy',34.99,100,'2024-03-21 15:45:29'),('6','Papier do drukarek Letter (8.5 x 11 cali), 75g/m²','Papier do drukarek','Format Letter (8.5 x 11 cali), 75g/m², paczka 500 arkuszy',24.99,75,'2024-03-21 15:45:29'),('7','Papier do drukarek Legal (8.5 x 14 cali), 80g/m²','Papier do drukarek','Format Legal (8.5 x 14 cali), 80g/m², paczka 250 arkuszy',29.99,50,'2024-03-21 15:45:29'),('8','Papier fotograficzny, błyszczący, format 4x6 cali','Papier do drukarek','Błyszczący papier fotograficzny, format 4x6 cali, paczka 50 arkuszy',19.99,100,'2024-03-21 15:45:29'),('9','Papier samoprzylepny A4','Papier do drukarek','Samoprzylepny papier, format A4, paczka 100 arkuszy',29.99,50,'2024-03-21 15:45:29');
/*!40000 ALTER TABLE `products` ENABLE KEYS */;
UNLOCK TABLES;
/*!40103 SET TIME_ZONE=@OLD_TIME_ZONE */;

/*!40101 SET SQL_MODE=@OLD_SQL_MODE */;
/*!40014 SET FOREIGN_KEY_CHECKS=@OLD_FOREIGN_KEY_CHECKS */;
/*!40014 SET UNIQUE_CHECKS=@OLD_UNIQUE_CHECKS */;
/*!40101 SET CHARACTER_SET_CLIENT=@OLD_CHARACTER_SET_CLIENT */;
/*!40101 SET CHARACTER_SET_RESULTS=@OLD_CHARACTER_SET_RESULTS */;
/*!40101 SET COLLATION_CONNECTION=@OLD_COLLATION_CONNECTION */;
/*!40111 SET SQL_NOTES=@OLD_SQL_NOTES */;

-- Dump completed on 2025-05-25 18:06:21
